,voltage_filenames,current_filenames,temperature_filenames,soh_values
0,./../Preprocessing/subset_image_files_oct12_20cycles/RW1/wavelet_images/RW1_0_20_voltage.png,./../Preprocessing/subset_image_files_oct12_20cycles/RW1/wavelet_images/RW1_0_20_current.png,./../Preprocessing/subset_image_files_oct12_20cycles/RW1/wavelet_images/RW1_0_20_temp.png,1.9919721913888824
1,./../Preprocessing/subset_image_files_oct12_20cycles/RW1/wavelet_images/RW1_20_40_voltage.png,./../Preprocessing/subset_image_files_oct12_20cycles/RW1/wavelet_images/RW1_20_40_current.png,./../Preprocessing/subset_image_files_oct12_20cycles/RW1/wavelet_images/RW1_20_40_temp.png,1.9748005309583312
2,./../Preprocessing/subset_image_files_oct12_20cycles/RW1/wavelet_images/RW1_40_60_voltage.png,./../Preprocessing/subset_image_files_oct12_20cycles/RW1/wavelet_images/RW1_40_60_current.png,./../Preprocessing/subset_image_files_oct12_20cycles/RW1/wavelet_images/RW1_40_60_temp.png,1.9577515487500043
3,./../Preprocessing/subset_image_files_oct12_20cycles/RW1/wavelet_images/RW1_60_80_voltage.png,./../Preprocessing/subset_image_files_oct12_20cycles/RW1/wavelet_images/RW1_60_80_current.png,./../Preprocessing/subset_image_files_oct12_20cycles/RW1/wavelet_images/RW1_60_80_temp.png,1.9390872423750245
4,./../Preprocessing/subset_image_files_oct12_20cycles/RW1/wavelet_images/RW1_80_100_voltage.png,./../Preprocessing/subset_image_files_oct12_20cycles/RW1/wavelet_images/RW1_80_100_current.png,./../Preprocessing/subset_image_files_oct12_20cycles/RW1/wavelet_images/RW1_80_100_temp.png,1.9201806373750467
5,./../Preprocessing/subset_image_files_oct12_20cycles/RW1/wavelet_images/RW1_100_120_voltage.png,./../Preprocessing/subset_image_files_oct12_20cycles/RW1/wavelet_images/RW1_100_120_current.png,./../Preprocessing/subset_image_files_oct12_20cycles/RW1/wavelet_images/RW1_100_120_temp.png,1.9025214000000468
6,./../Preprocessing/subset_image_files_oct12_20cycles/RW1/wavelet_images/RW1_120_140_voltage.png,./../Preprocessing/subset_image_files_oct12_20cycles/RW1/wavelet_images/RW1_120_140_current.png,./../Preprocessing/subset_image_files_oct12_20cycles/RW1/wavelet_images/RW1_120_140_temp.png,1.8859907333333588
7,./../Preprocessing/subset_image_files_oct12_20cycles/RW1/wavelet_images/RW1_140_160_voltage.png,./../Preprocessing/subset_image_files_oct12_20cycles/RW1/wavelet_images/RW1_140_160_current.png,./../Preprocessing/subset_image_files_oct12_20cycles/RW1/wavelet_images/RW1_140_160_temp.png,1.8693524652777784
8,./../Preprocessing/subset_image_files_oct12_20cycles/RW1/wavelet_images/RW1_160_180_voltage.png,./../Preprocessing/subset_image_files_oct12_20cycles/RW1/wavelet_images/RW1_160_180_current.png,./../Preprocessing/subset_image_files_oct12_20cycles/RW1/wavelet_images/RW1_160_180_temp.png,1.8521272805555025
9,./../Preprocessing/subset_image_files_oct12_20cycles/RW1/wavelet_images/RW1_180_200_voltage.png,./../Preprocessing/subset_image_files_oct12_20cycles/RW1/wavelet_images/RW1_180_200_current.png,./../Preprocessing/subset_image_files_oct12_20cycles/RW1/wavelet_images/RW1_180_200_temp.png,1.834814058333223
10,./../Preprocessing/subset_image_files_oct12_20cycles/RW1/wavelet_images/RW1_200_220_voltage.png,./../Preprocessing/subset_image_files_oct12_20cycles/RW1/wavelet_images/RW1_200_220_current.png,./../Preprocessing/subset_image_files_oct12_20cycles/RW1/wavelet_images/RW1_200_220_temp.png,1.8185802361109842
11,./../Preprocessing/subset_image_files_oct12_20cycles/RW1/wavelet_images/RW1_220_240_voltage.png,./../Preprocessing/subset_image_files_oct12_20cycles/RW1/wavelet_images/RW1_220_240_current.png,./../Preprocessing/subset_image_files_oct12_20cycles/RW1/wavelet_images/RW1_220_240_temp.png,1.8033230138887808
12,./../Preprocessing/subset_image_files_oct12_20cycles/RW1/wavelet_images/RW1_240_260_voltage.png,./../Preprocessing/subset_image_files_oct12_20cycles/RW1/wavelet_images/RW1_240_260_current.png,./../Preprocessing/subset_image_files_oct12_20cycles/RW1/wavelet_images/RW1_240_260_temp.png,1.7878316597221369
13,./../Preprocessing/subset_image_files_oct12_20cycles/RW1/wavelet_images/RW1_260_280_voltage.png,./../Preprocessing/subset_image_files_oct12_20cycles/RW1/wavelet_images/RW1_260_280_current.png,./../Preprocessing/subset_image_files_oct12_20cycles/RW1/wavelet_images/RW1_260_280_temp.png,1.7710632222221712
14,./../Preprocessing/subset_image_files_oct12_20cycles/RW1/wavelet_images/RW1_280_300_voltage.png,./../Preprocessing/subset_image_files_oct12_20cycles/RW1/wavelet_images/RW1_280_300_current.png,./../Preprocessing/subset_image_files_oct12_20cycles/RW1/wavelet_images/RW1_280_300_temp.png,1.7541032222222082
15,./../Preprocessing/subset_image_files_oct12_20cycles/RW1/wavelet_images/RW1_300_320_voltage.png,./../Preprocessing/subset_image_files_oct12_20cycles/RW1/wavelet_images/RW1_300_320_current.png,./../Preprocessing/subset_image_files_oct12_20cycles/RW1/wavelet_images/RW1_300_320_temp.png,1.7393546388889365
16,./../Preprocessing/subset_image_files_oct12_20cycles/RW1/wavelet_images/RW1_320_340_voltage.png,./../Preprocessing/subset_image_files_oct12_20cycles/RW1/wavelet_images/RW1_320_340_current.png,./../Preprocessing/subset_image_files_oct12_20cycles/RW1/wavelet_images/RW1_320_340_temp.png,1.726606861111243
17,./../Preprocessing/subset_image_files_oct12_20cycles/RW1/wavelet_images/RW1_340_360_voltage.png,./../Preprocessing/subset_image_files_oct12_20cycles/RW1/wavelet_images/RW1_340_360_current.png,./../Preprocessing/subset_image_files_oct12_20cycles/RW1/wavelet_images/RW1_340_360_temp.png,1.7140070486113068
18,./../Preprocessing/subset_image_files_oct12_20cycles/RW1/wavelet_images/RW1_360_380_voltage.png,./../Preprocessing/subset_image_files_oct12_20cycles/RW1/wavelet_images/RW1_360_380_current.png,./../Preprocessing/subset_image_files_oct12_20cycles/RW1/wavelet_images/RW1_360_380_temp.png,1.7022143194445891
19,./../Preprocessing/subset_image_files_oct12_20cycles/RW1/wavelet_images/RW1_380_400_voltage.png,./../Preprocessing/subset_image_files_oct12_20cycles/RW1/wavelet_images/RW1_380_400_current.png,./../Preprocessing/subset_image_files_oct12_20cycles/RW1/wavelet_images/RW1_380_400_temp.png,1.6905426527778544
20,./../Preprocessing/subset_image_files_oct12_20cycles/RW1/wavelet_images/RW1_400_420_voltage.png,./../Preprocessing/subset_image_files_oct12_20cycles/RW1/wavelet_images/RW1_400_420_current.png,./../Preprocessing/subset_image_files_oct12_20cycles/RW1/wavelet_images/RW1_400_420_temp.png,1.6764478194444767
21,./../Preprocessing/subset_image_files_oct12_20cycles/RW1/wavelet_images/RW1_420_440_voltage.png,./../Preprocessing/subset_image_files_oct12_20cycles/RW1/wavelet_images/RW1_420_440_current.png,./../Preprocessing/subset_image_files_oct12_20cycles/RW1/wavelet_images/RW1_420_440_temp.png,1.6601605972222326
22,./../Preprocessing/subset_image_files_oct12_20cycles/RW1/wavelet_images/RW1_440_460_voltage.png,./../Preprocessing/subset_image_files_oct12_20cycles/RW1/wavelet_images/RW1_440_460_current.png,./../Preprocessing/subset_image_files_oct12_20cycles/RW1/wavelet_images/RW1_440_460_temp.png,1.6446843194444418
23,./../Preprocessing/subset_image_files_oct12_20cycles/RW1/wavelet_images/RW1_460_480_voltage.png,./../Preprocessing/subset_image_files_oct12_20cycles/RW1/wavelet_images/RW1_460_480_current.png,./../Preprocessing/subset_image_files_oct12_20cycles/RW1/wavelet_images/RW1_460_480_temp.png,1.6336313750000355
24,./../Preprocessing/subset_image_files_oct12_20cycles/RW1/wavelet_images/RW1_480_500_voltage.png,./../Preprocessing/subset_image_files_oct12_20cycles/RW1/wavelet_images/RW1_480_500_current.png,./../Preprocessing/subset_image_files_oct12_20cycles/RW1/wavelet_images/RW1_480_500_temp.png,1.6232419305556374
25,./../Preprocessing/subset_image_files_oct12_20cycles/RW1/wavelet_images/RW1_500_520_voltage.png,./../Preprocessing/subset_image_files_oct12_20cycles/RW1/wavelet_images/RW1_500_520_current.png,./../Preprocessing/subset_image_files_oct12_20cycles/RW1/wavelet_images/RW1_500_520_temp.png,1.6137164027778519
26,./../Preprocessing/subset_image_files_oct12_20cycles/RW1/wavelet_images/RW1_520_540_voltage.png,./../Preprocessing/subset_image_files_oct12_20cycles/RW1/wavelet_images/RW1_520_540_current.png,./../Preprocessing/subset_image_files_oct12_20cycles/RW1/wavelet_images/RW1_520_540_temp.png,1.6049725138889073
27,./../Preprocessing/subset_image_files_oct12_20cycles/RW1/wavelet_images/RW1_540_560_voltage.png,./../Preprocessing/subset_image_files_oct12_20cycles/RW1/wavelet_images/RW1_540_560_current.png,./../Preprocessing/subset_image_files_oct12_20cycles/RW1/wavelet_images/RW1_540_560_temp.png,1.6000293541666502
28,./../Preprocessing/subset_image_files_oct12_20cycles/RW1/wavelet_images/RW1_560_580_voltage.png,./../Preprocessing/subset_image_files_oct12_20cycles/RW1/wavelet_images/RW1_560_580_current.png,./../Preprocessing/subset_image_files_oct12_20cycles/RW1/wavelet_images/RW1_560_580_temp.png,1.6143810277778332
29,./../Preprocessing/subset_image_files_oct12_20cycles/RW1/wavelet_images/RW1_580_600_voltage.png,./../Preprocessing/subset_image_files_oct12_20cycles/RW1/wavelet_images/RW1_580_600_current.png,./../Preprocessing/subset_image_files_oct12_20cycles/RW1/wavelet_images/RW1_580_600_temp.png,1.6050292777777997
30,./../Preprocessing/subset_image_files_oct12_20cycles/RW1/wavelet_images/RW1_600_620_voltage.png,./../Preprocessing/subset_image_files_oct12_20cycles/RW1/wavelet_images/RW1_600_620_current.png,./../Preprocessing/subset_image_files_oct12_20cycles/RW1/wavelet_images/RW1_600_620_temp.png,1.5856226111110543
31,./../Preprocessing/subset_image_files_oct12_20cycles/RW1/wavelet_images/RW1_620_640_voltage.png,./../Preprocessing/subset_image_files_oct12_20cycles/RW1/wavelet_images/RW1_620_640_current.png,./../Preprocessing/subset_image_files_oct12_20cycles/RW1/wavelet_images/RW1_620_640_temp.png,1.567786111111011
32,./../Preprocessing/subset_image_files_oct12_20cycles/RW1/wavelet_images/RW1_640_660_voltage.png,./../Preprocessing/subset_image_files_oct12_20cycles/RW1/wavelet_images/RW1_640_660_current.png,./../Preprocessing/subset_image_files_oct12_20cycles/RW1/wavelet_images/RW1_640_660_temp.png,1.5534824861110488
33,./../Preprocessing/subset_image_files_oct12_20cycles/RW1/wavelet_images/RW1_660_680_voltage.png,./../Preprocessing/subset_image_files_oct12_20cycles/RW1/wavelet_images/RW1_660_680_current.png,./../Preprocessing/subset_image_files_oct12_20cycles/RW1/wavelet_images/RW1_660_680_temp.png,1.5394717499999762
34,./../Preprocessing/subset_image_files_oct12_20cycles/RW1/wavelet_images/RW1_680_700_voltage.png,./../Preprocessing/subset_image_files_oct12_20cycles/RW1/wavelet_images/RW1_680_700_current.png,./../Preprocessing/subset_image_files_oct12_20cycles/RW1/wavelet_images/RW1_680_700_temp.png,1.5284857916666341
35,./../Preprocessing/subset_image_files_oct12_20cycles/RW1/wavelet_images/RW1_700_720_voltage.png,./../Preprocessing/subset_image_files_oct12_20cycles/RW1/wavelet_images/RW1_700_720_current.png,./../Preprocessing/subset_image_files_oct12_20cycles/RW1/wavelet_images/RW1_700_720_temp.png,1.5186341249999402
36,./../Preprocessing/subset_image_files_oct12_20cycles/RW1/wavelet_images/RW1_720_740_voltage.png,./../Preprocessing/subset_image_files_oct12_20cycles/RW1/wavelet_images/RW1_720_740_current.png,./../Preprocessing/subset_image_files_oct12_20cycles/RW1/wavelet_images/RW1_720_740_temp.png,1.5050132916665988
37,./../Preprocessing/subset_image_files_oct12_20cycles/RW1/wavelet_images/RW1_740_760_voltage.png,./../Preprocessing/subset_image_files_oct12_20cycles/RW1/wavelet_images/RW1_740_760_current.png,./../Preprocessing/subset_image_files_oct12_20cycles/RW1/wavelet_images/RW1_740_760_temp.png,1.4829118333333
38,./../Preprocessing/subset_image_files_oct12_20cycles/RW1/wavelet_images/RW1_760_780_voltage.png,./../Preprocessing/subset_image_files_oct12_20cycles/RW1/wavelet_images/RW1_760_780_current.png,./../Preprocessing/subset_image_files_oct12_20cycles/RW1/wavelet_images/RW1_760_780_temp.png,1.4612551944444436
39,./../Preprocessing/subset_image_files_oct12_20cycles/RW1/wavelet_images/RW1_780_800_voltage.png,./../Preprocessing/subset_image_files_oct12_20cycles/RW1/wavelet_images/RW1_780_800_current.png,./../Preprocessing/subset_image_files_oct12_20cycles/RW1/wavelet_images/RW1_780_800_temp.png,1.4537649999999651
40,./../Preprocessing/subset_image_files_oct12_20cycles/RW1/wavelet_images/RW1_800_820_voltage.png,./../Preprocessing/subset_image_files_oct12_20cycles/RW1/wavelet_images/RW1_800_820_current.png,./../Preprocessing/subset_image_files_oct12_20cycles/RW1/wavelet_images/RW1_800_820_temp.png,1.4515872222221289
41,./../Preprocessing/subset_image_files_oct12_20cycles/RW1/wavelet_images/RW1_820_840_voltage.png,./../Preprocessing/subset_image_files_oct12_20cycles/RW1/wavelet_images/RW1_820_840_current.png,./../Preprocessing/subset_image_files_oct12_20cycles/RW1/wavelet_images/RW1_820_840_temp.png,1.441812444444299
42,./../Preprocessing/subset_image_files_oct12_20cycles/RW1/wavelet_images/RW1_840_860_voltage.png,./../Preprocessing/subset_image_files_oct12_20cycles/RW1/wavelet_images/RW1_840_860_current.png,./../Preprocessing/subset_image_files_oct12_20cycles/RW1/wavelet_images/RW1_840_860_temp.png,1.4149444166664842
43,./../Preprocessing/subset_image_files_oct12_20cycles/RW1/wavelet_images/RW1_860_880_voltage.png,./../Preprocessing/subset_image_files_oct12_20cycles/RW1/wavelet_images/RW1_860_880_current.png,./../Preprocessing/subset_image_files_oct12_20cycles/RW1/wavelet_images/RW1_860_880_temp.png,1.3880670555553425
44,./../Preprocessing/subset_image_files_oct12_20cycles/RW1/wavelet_images/RW1_880_900_voltage.png,./../Preprocessing/subset_image_files_oct12_20cycles/RW1/wavelet_images/RW1_880_900_current.png,./../Preprocessing/subset_image_files_oct12_20cycles/RW1/wavelet_images/RW1_880_900_temp.png,1.3728330277776577
45,./../Preprocessing/subset_image_files_oct12_20cycles/RW1/wavelet_images/RW1_900_920_voltage.png,./../Preprocessing/subset_image_files_oct12_20cycles/RW1/wavelet_images/RW1_900_920_current.png,./../Preprocessing/subset_image_files_oct12_20cycles/RW1/wavelet_images/RW1_900_920_temp.png,1.3619652500000188
46,./../Preprocessing/subset_image_files_oct12_20cycles/RW1/wavelet_images/RW1_920_940_voltage.png,./../Preprocessing/subset_image_files_oct12_20cycles/RW1/wavelet_images/RW1_920_940_current.png,./../Preprocessing/subset_image_files_oct12_20cycles/RW1/wavelet_images/RW1_920_940_temp.png,1.351651638889035
47,./../Preprocessing/subset_image_files_oct12_20cycles/RW1/wavelet_images/RW1_940_960_voltage.png,./../Preprocessing/subset_image_files_oct12_20cycles/RW1/wavelet_images/RW1_940_960_current.png,./../Preprocessing/subset_image_files_oct12_20cycles/RW1/wavelet_images/RW1_940_960_temp.png,1.342584902778026
48,./../Preprocessing/subset_image_files_oct12_20cycles/RW1/wavelet_images/RW1_960_980_voltage.png,./../Preprocessing/subset_image_files_oct12_20cycles/RW1/wavelet_images/RW1_960_980_current.png,./../Preprocessing/subset_image_files_oct12_20cycles/RW1/wavelet_images/RW1_960_980_temp.png,1.3369427938991476
49,./../Preprocessing/subset_image_files_oct12_20cycles/RW1/wavelet_images/RW1_980_1000_voltage.png,./../Preprocessing/subset_image_files_oct12_20cycles/RW1/wavelet_images/RW1_980_1000_current.png,./../Preprocessing/subset_image_files_oct12_20cycles/RW1/wavelet_images/RW1_980_1000_temp.png,1.3907351287403038
50,./../Preprocessing/subset_image_files_oct12_20cycles/RW1/wavelet_images/RW1_1000_1020_voltage.png,./../Preprocessing/subset_image_files_oct12_20cycles/RW1/wavelet_images/RW1_1000_1020_current.png,./../Preprocessing/subset_image_files_oct12_20cycles/RW1/wavelet_images/RW1_1000_1020_temp.png,1.3701694457638809
51,./../Preprocessing/subset_image_files_oct12_20cycles/RW1/wavelet_images/RW1_1020_1040_voltage.png,./../Preprocessing/subset_image_files_oct12_20cycles/RW1/wavelet_images/RW1_1020_1040_current.png,./../Preprocessing/subset_image_files_oct12_20cycles/RW1/wavelet_images/RW1_1020_1040_temp.png,1.3060450318747416
52,./../Preprocessing/subset_image_files_oct12_20cycles/RW1/wavelet_images/RW1_1040_1060_voltage.png,./../Preprocessing/subset_image_files_oct12_20cycles/RW1/wavelet_images/RW1_1040_1060_current.png,./../Preprocessing/subset_image_files_oct12_20cycles/RW1/wavelet_images/RW1_1040_1060_temp.png,1.2485249641315452
53,./../Preprocessing/subset_image_files_oct12_20cycles/RW1/wavelet_images/RW1_1060_1080_voltage.png,./../Preprocessing/subset_image_files_oct12_20cycles/RW1/wavelet_images/RW1_1060_1080_current.png,./../Preprocessing/subset_image_files_oct12_20cycles/RW1/wavelet_images/RW1_1060_1080_temp.png,1.208616486110863
54,./../Preprocessing/subset_image_files_oct12_20cycles/RW1/wavelet_images/RW1_1080_1100_voltage.png,./../Preprocessing/subset_image_files_oct12_20cycles/RW1/wavelet_images/RW1_1080_1100_current.png,./../Preprocessing/subset_image_files_oct12_20cycles/RW1/wavelet_images/RW1_1080_1100_temp.png,1.1706256111110254
55,./../Preprocessing/subset_image_files_oct12_20cycles/RW1/wavelet_images/RW1_1100_1120_voltage.png,./../Preprocessing/subset_image_files_oct12_20cycles/RW1/wavelet_images/RW1_1100_1120_current.png,./../Preprocessing/subset_image_files_oct12_20cycles/RW1/wavelet_images/RW1_1100_1120_temp.png,1.1589361111110752
56,./../Preprocessing/subset_image_files_oct12_20cycles/RW2/wavelet_images/RW2_0_20_voltage.png,./../Preprocessing/subset_image_files_oct12_20cycles/RW2/wavelet_images/RW2_0_20_current.png,./../Preprocessing/subset_image_files_oct12_20cycles/RW2/wavelet_images/RW2_0_20_temp.png,1.9726775705555493
57,./../Preprocessing/subset_image_files_oct12_20cycles/RW2/wavelet_images/RW2_20_40_voltage.png,./../Preprocessing/subset_image_files_oct12_20cycles/RW2/wavelet_images/RW2_20_40_current.png,./../Preprocessing/subset_image_files_oct12_20cycles/RW2/wavelet_images/RW2_20_40_temp.png,1.943487423527768
58,./../Preprocessing/subset_image_files_oct12_20cycles/RW2/wavelet_images/RW2_40_60_voltage.png,./../Preprocessing/subset_image_files_oct12_20cycles/RW2/wavelet_images/RW2_40_60_current.png,./../Preprocessing/subset_image_files_oct12_20cycles/RW2/wavelet_images/RW2_40_60_temp.png,1.9145542966666564
59,./../Preprocessing/subset_image_files_oct12_20cycles/RW2/wavelet_images/RW2_60_80_voltage.png,./../Preprocessing/subset_image_files_oct12_20cycles/RW2/wavelet_images/RW2_60_80_current.png,./../Preprocessing/subset_image_files_oct12_20cycles/RW2/wavelet_images/RW2_60_80_temp.png,1.8831397081388888
60,./../Preprocessing/subset_image_files_oct12_20cycles/RW2/wavelet_images/RW2_80_100_voltage.png,./../Preprocessing/subset_image_files_oct12_20cycles/RW2/wavelet_images/RW2_80_100_current.png,./../Preprocessing/subset_image_files_oct12_20cycles/RW2/wavelet_images/RW2_80_100_temp.png,1.851352900361124
61,./../Preprocessing/subset_image_files_oct12_20cycles/RW2/wavelet_images/RW2_100_120_voltage.png,./../Preprocessing/subset_image_files_oct12_20cycles/RW2/wavelet_images/RW2_100_120_current.png,./../Preprocessing/subset_image_files_oct12_20cycles/RW2/wavelet_images/RW2_100_120_temp.png,1.8197706250000203
62,./../Preprocessing/subset_image_files_oct12_20cycles/RW2/wavelet_images/RW2_120_140_voltage.png,./../Preprocessing/subset_image_files_oct12_20cycles/RW2/wavelet_images/RW2_120_140_current.png,./../Preprocessing/subset_image_files_oct12_20cycles/RW2/wavelet_images/RW2_120_140_temp.png,1.7883734027778
63,./../Preprocessing/subset_image_files_oct12_20cycles/RW2/wavelet_images/RW2_140_160_voltage.png,./../Preprocessing/subset_image_files_oct12_20cycles/RW2/wavelet_images/RW2_140_160_current.png,./../Preprocessing/subset_image_files_oct12_20cycles/RW2/wavelet_images/RW2_140_160_temp.png,1.7583912083333548
64,./../Preprocessing/subset_image_files_oct12_20cycles/RW2/wavelet_images/RW2_160_180_voltage.png,./../Preprocessing/subset_image_files_oct12_20cycles/RW2/wavelet_images/RW2_160_180_current.png,./../Preprocessing/subset_image_files_oct12_20cycles/RW2/wavelet_images/RW2_160_180_temp.png,1.7361273472222285
65,./../Preprocessing/subset_image_files_oct12_20cycles/RW2/wavelet_images/RW2_180_200_voltage.png,./../Preprocessing/subset_image_files_oct12_20cycles/RW2/wavelet_images/RW2_180_200_current.png,./../Preprocessing/subset_image_files_oct12_20cycles/RW2/wavelet_images/RW2_180_200_temp.png,1.7150212361110997
66,./../Preprocessing/subset_image_files_oct12_20cycles/RW2/wavelet_images/RW2_200_220_voltage.png,./../Preprocessing/subset_image_files_oct12_20cycles/RW2/wavelet_images/RW2_200_220_current.png,./../Preprocessing/subset_image_files_oct12_20cycles/RW2/wavelet_images/RW2_200_220_temp.png,1.6954895416666411
67,./../Preprocessing/subset_image_files_oct12_20cycles/RW2/wavelet_images/RW2_220_240_voltage.png,./../Preprocessing/subset_image_files_oct12_20cycles/RW2/wavelet_images/RW2_220_240_current.png,./../Preprocessing/subset_image_files_oct12_20cycles/RW2/wavelet_images/RW2_220_240_temp.png,1.6773823194444093
68,./../Preprocessing/subset_image_files_oct12_20cycles/RW2/wavelet_images/RW2_240_260_voltage.png,./../Preprocessing/subset_image_files_oct12_20cycles/RW2/wavelet_images/RW2_240_260_current.png,./../Preprocessing/subset_image_files_oct12_20cycles/RW2/wavelet_images/RW2_240_260_temp.png,1.660358165013846
69,./../Preprocessing/subset_image_files_oct12_20cycles/RW2/wavelet_images/RW2_260_280_voltage.png,./../Preprocessing/subset_image_files_oct12_20cycles/RW2/wavelet_images/RW2_260_280_current.png,./../Preprocessing/subset_image_files_oct12_20cycles/RW2/wavelet_images/RW2_260_280_temp.png,1.6492416530832983
70,./../Preprocessing/subset_image_files_oct12_20cycles/RW2/wavelet_images/RW2_280_300_voltage.png,./../Preprocessing/subset_image_files_oct12_20cycles/RW2/wavelet_images/RW2_280_300_current.png,./../Preprocessing/subset_image_files_oct12_20cycles/RW2/wavelet_images/RW2_280_300_temp.png,1.6390112875277525
71,./../Preprocessing/subset_image_files_oct12_20cycles/RW2/wavelet_images/RW2_300_320_voltage.png,./../Preprocessing/subset_image_files_oct12_20cycles/RW2/wavelet_images/RW2_300_320_current.png,./../Preprocessing/subset_image_files_oct12_20cycles/RW2/wavelet_images/RW2_300_320_temp.png,1.6269496391388885
72,./../Preprocessing/subset_image_files_oct12_20cycles/RW2/wavelet_images/RW2_320_340_voltage.png,./../Preprocessing/subset_image_files_oct12_20cycles/RW2/wavelet_images/RW2_320_340_current.png,./../Preprocessing/subset_image_files_oct12_20cycles/RW2/wavelet_images/RW2_320_340_temp.png,1.6132311158055934
73,./../Preprocessing/subset_image_files_oct12_20cycles/RW2/wavelet_images/RW2_340_360_voltage.png,./../Preprocessing/subset_image_files_oct12_20cycles/RW2/wavelet_images/RW2_340_360_current.png,./../Preprocessing/subset_image_files_oct12_20cycles/RW2/wavelet_images/RW2_340_360_temp.png,1.600375531166728
74,./../Preprocessing/subset_image_files_oct12_20cycles/RW2/wavelet_images/RW2_360_380_voltage.png,./../Preprocessing/subset_image_files_oct12_20cycles/RW2/wavelet_images/RW2_360_380_current.png,./../Preprocessing/subset_image_files_oct12_20cycles/RW2/wavelet_images/RW2_360_380_temp.png,1.5922268848611152
75,./../Preprocessing/subset_image_files_oct12_20cycles/RW2/wavelet_images/RW2_380_400_voltage.png,./../Preprocessing/subset_image_files_oct12_20cycles/RW2/wavelet_images/RW2_380_400_current.png,./../Preprocessing/subset_image_files_oct12_20cycles/RW2/wavelet_images/RW2_380_400_temp.png,1.5847842793054898
76,./../Preprocessing/subset_image_files_oct12_20cycles/RW2/wavelet_images/RW2_400_420_voltage.png,./../Preprocessing/subset_image_files_oct12_20cycles/RW2/wavelet_images/RW2_400_420_current.png,./../Preprocessing/subset_image_files_oct12_20cycles/RW2/wavelet_images/RW2_400_420_temp.png,1.5773101256249864
77,./../Preprocessing/subset_image_files_oct12_20cycles/RW2/wavelet_images/RW2_420_440_voltage.png,./../Preprocessing/subset_image_files_oct12_20cycles/RW2/wavelet_images/RW2_420_440_current.png,./../Preprocessing/subset_image_files_oct12_20cycles/RW2/wavelet_images/RW2_420_440_temp.png,1.5698074284029273
78,./../Preprocessing/subset_image_files_oct12_20cycles/RW2/wavelet_images/RW2_440_460_voltage.png,./../Preprocessing/subset_image_files_oct12_20cycles/RW2/wavelet_images/RW2_440_460_current.png,./../Preprocessing/subset_image_files_oct12_20cycles/RW2/wavelet_images/RW2_440_460_temp.png,1.5612584631252706
79,./../Preprocessing/subset_image_files_oct12_20cycles/RW2/wavelet_images/RW2_460_480_voltage.png,./../Preprocessing/subset_image_files_oct12_20cycles/RW2/wavelet_images/RW2_460_480_current.png,./../Preprocessing/subset_image_files_oct12_20cycles/RW2/wavelet_images/RW2_460_480_temp.png,1.5470025811807209
80,./../Preprocessing/subset_image_files_oct12_20cycles/RW2/wavelet_images/RW2_480_500_voltage.png,./../Preprocessing/subset_image_files_oct12_20cycles/RW2/wavelet_images/RW2_480_500_current.png,./../Preprocessing/subset_image_files_oct12_20cycles/RW2/wavelet_images/RW2_480_500_temp.png,1.5318906617361372
81,./../Preprocessing/subset_image_files_oct12_20cycles/RW2/wavelet_images/RW2_500_520_voltage.png,./../Preprocessing/subset_image_files_oct12_20cycles/RW2/wavelet_images/RW2_500_520_current.png,./../Preprocessing/subset_image_files_oct12_20cycles/RW2/wavelet_images/RW2_500_520_temp.png,1.5175191249999294
82,./../Preprocessing/subset_image_files_oct12_20cycles/RW2/wavelet_images/RW2_520_540_voltage.png,./../Preprocessing/subset_image_files_oct12_20cycles/RW2/wavelet_images/RW2_520_540_current.png,./../Preprocessing/subset_image_files_oct12_20cycles/RW2/wavelet_images/RW2_520_540_temp.png,1.5038174583332036
83,./../Preprocessing/subset_image_files_oct12_20cycles/RW2/wavelet_images/RW2_540_560_voltage.png,./../Preprocessing/subset_image_files_oct12_20cycles/RW2/wavelet_images/RW2_540_560_current.png,./../Preprocessing/subset_image_files_oct12_20cycles/RW2/wavelet_images/RW2_540_560_temp.png,1.4941294219959649
84,./../Preprocessing/subset_image_files_oct12_20cycles/RW2/wavelet_images/RW2_560_580_voltage.png,./../Preprocessing/subset_image_files_oct12_20cycles/RW2/wavelet_images/RW2_560_580_current.png,./../Preprocessing/subset_image_files_oct12_20cycles/RW2/wavelet_images/RW2_560_580_temp.png,1.5063339147286512
85,./../Preprocessing/subset_image_files_oct12_20cycles/RW2/wavelet_images/RW2_580_600_voltage.png,./../Preprocessing/subset_image_files_oct12_20cycles/RW2/wavelet_images/RW2_580_600_current.png,./../Preprocessing/subset_image_files_oct12_20cycles/RW2/wavelet_images/RW2_580_600_temp.png,1.5187490491419666
86,./../Preprocessing/subset_image_files_oct12_20cycles/RW2/wavelet_images/RW2_600_620_voltage.png,./../Preprocessing/subset_image_files_oct12_20cycles/RW2/wavelet_images/RW2_600_620_current.png,./../Preprocessing/subset_image_files_oct12_20cycles/RW2/wavelet_images/RW2_600_620_temp.png,1.4988951879167611
87,./../Preprocessing/subset_image_files_oct12_20cycles/RW2/wavelet_images/RW2_620_640_voltage.png,./../Preprocessing/subset_image_files_oct12_20cycles/RW2/wavelet_images/RW2_620_640_current.png,./../Preprocessing/subset_image_files_oct12_20cycles/RW2/wavelet_images/RW2_620_640_temp.png,1.4704801645833747
88,./../Preprocessing/subset_image_files_oct12_20cycles/RW2/wavelet_images/RW2_640_660_voltage.png,./../Preprocessing/subset_image_files_oct12_20cycles/RW2/wavelet_images/RW2_640_660_current.png,./../Preprocessing/subset_image_files_oct12_20cycles/RW2/wavelet_images/RW2_640_660_temp.png,1.449280596600013
89,./../Preprocessing/subset_image_files_oct12_20cycles/RW2/wavelet_images/RW2_660_680_voltage.png,./../Preprocessing/subset_image_files_oct12_20cycles/RW2/wavelet_images/RW2_660_680_current.png,./../Preprocessing/subset_image_files_oct12_20cycles/RW2/wavelet_images/RW2_660_680_temp.png,1.4395880293055774
90,./../Preprocessing/subset_image_files_oct12_20cycles/RW2/wavelet_images/RW2_680_700_voltage.png,./../Preprocessing/subset_image_files_oct12_20cycles/RW2/wavelet_images/RW2_680_700_current.png,./../Preprocessing/subset_image_files_oct12_20cycles/RW2/wavelet_images/RW2_680_700_temp.png,1.4298331534833568
91,./../Preprocessing/subset_image_files_oct12_20cycles/RW2/wavelet_images/RW2_700_720_voltage.png,./../Preprocessing/subset_image_files_oct12_20cycles/RW2/wavelet_images/RW2_700_720_current.png,./../Preprocessing/subset_image_files_oct12_20cycles/RW2/wavelet_images/RW2_700_720_temp.png,1.4179385031943847
92,./../Preprocessing/subset_image_files_oct12_20cycles/RW2/wavelet_images/RW2_720_740_voltage.png,./../Preprocessing/subset_image_files_oct12_20cycles/RW2/wavelet_images/RW2_720_740_current.png,./../Preprocessing/subset_image_files_oct12_20cycles/RW2/wavelet_images/RW2_720_740_temp.png,1.4054761576387231
93,./../Preprocessing/subset_image_files_oct12_20cycles/RW2/wavelet_images/RW2_740_760_voltage.png,./../Preprocessing/subset_image_files_oct12_20cycles/RW2/wavelet_images/RW2_740_760_current.png,./../Preprocessing/subset_image_files_oct12_20cycles/RW2/wavelet_images/RW2_740_760_temp.png,1.3892881439331577
94,./../Preprocessing/subset_image_files_oct12_20cycles/RW2/wavelet_images/RW2_760_780_voltage.png,./../Preprocessing/subset_image_files_oct12_20cycles/RW2/wavelet_images/RW2_760_780_current.png,./../Preprocessing/subset_image_files_oct12_20cycles/RW2/wavelet_images/RW2_760_780_temp.png,1.3671585418055234
95,./../Preprocessing/subset_image_files_oct12_20cycles/RW2/wavelet_images/RW2_780_800_voltage.png,./../Preprocessing/subset_image_files_oct12_20cycles/RW2/wavelet_images/RW2_780_800_current.png,./../Preprocessing/subset_image_files_oct12_20cycles/RW2/wavelet_images/RW2_780_800_temp.png,1.3450329953945381
96,./../Preprocessing/subset_image_files_oct12_20cycles/RW2/wavelet_images/RW2_800_820_voltage.png,./../Preprocessing/subset_image_files_oct12_20cycles/RW2/wavelet_images/RW2_800_820_current.png,./../Preprocessing/subset_image_files_oct12_20cycles/RW2/wavelet_images/RW2_800_820_temp.png,1.3237170833333414
97,./../Preprocessing/subset_image_files_oct12_20cycles/RW2/wavelet_images/RW2_820_840_voltage.png,./../Preprocessing/subset_image_files_oct12_20cycles/RW2/wavelet_images/RW2_820_840_current.png,./../Preprocessing/subset_image_files_oct12_20cycles/RW2/wavelet_images/RW2_820_840_temp.png,1.3026159722220887
98,./../Preprocessing/subset_image_files_oct12_20cycles/RW2/wavelet_images/RW2_840_860_voltage.png,./../Preprocessing/subset_image_files_oct12_20cycles/RW2/wavelet_images/RW2_840_860_current.png,./../Preprocessing/subset_image_files_oct12_20cycles/RW2/wavelet_images/RW2_840_860_temp.png,1.2916015986109048
99,./../Preprocessing/subset_image_files_oct12_20cycles/RW2/wavelet_images/RW2_860_880_voltage.png,./../Preprocessing/subset_image_files_oct12_20cycles/RW2/wavelet_images/RW2_860_880_current.png,./../Preprocessing/subset_image_files_oct12_20cycles/RW2/wavelet_images/RW2_860_880_temp.png,1.2966732638887193
100,./../Preprocessing/subset_image_files_oct12_20cycles/RW2/wavelet_images/RW2_880_900_voltage.png,./../Preprocessing/subset_image_files_oct12_20cycles/RW2/wavelet_images/RW2_880_900_current.png,./../Preprocessing/subset_image_files_oct12_20cycles/RW2/wavelet_images/RW2_880_900_temp.png,1.3013496561220872
101,./../Preprocessing/subset_image_files_oct12_20cycles/RW2/wavelet_images/RW2_900_920_voltage.png,./../Preprocessing/subset_image_files_oct12_20cycles/RW2/wavelet_images/RW2_900_920_current.png,./../Preprocessing/subset_image_files_oct12_20cycles/RW2/wavelet_images/RW2_900_920_temp.png,1.2997990001387598
102,./../Preprocessing/subset_image_files_oct12_20cycles/RW2/wavelet_images/RW2_920_940_voltage.png,./../Preprocessing/subset_image_files_oct12_20cycles/RW2/wavelet_images/RW2_920_940_current.png,./../Preprocessing/subset_image_files_oct12_20cycles/RW2/wavelet_images/RW2_920_940_temp.png,1.296596270138757
103,./../Preprocessing/subset_image_files_oct12_20cycles/RW2/wavelet_images/RW2_940_960_voltage.png,./../Preprocessing/subset_image_files_oct12_20cycles/RW2/wavelet_images/RW2_940_960_current.png,./../Preprocessing/subset_image_files_oct12_20cycles/RW2/wavelet_images/RW2_940_960_temp.png,1.2975075035888022
104,./../Preprocessing/subset_image_files_oct12_20cycles/RW2/wavelet_images/RW2_960_980_voltage.png,./../Preprocessing/subset_image_files_oct12_20cycles/RW2/wavelet_images/RW2_960_980_current.png,./../Preprocessing/subset_image_files_oct12_20cycles/RW2/wavelet_images/RW2_960_980_temp.png,1.3049795676389233
105,./../Preprocessing/subset_image_files_oct12_20cycles/RW2/wavelet_images/RW2_980_1000_voltage.png,./../Preprocessing/subset_image_files_oct12_20cycles/RW2/wavelet_images/RW2_980_1000_current.png,./../Preprocessing/subset_image_files_oct12_20cycles/RW2/wavelet_images/RW2_980_1000_temp.png,1.3105383120945828
106,./../Preprocessing/subset_image_files_oct12_20cycles/RW2/wavelet_images/RW2_1000_1020_voltage.png,./../Preprocessing/subset_image_files_oct12_20cycles/RW2/wavelet_images/RW2_1000_1020_current.png,./../Preprocessing/subset_image_files_oct12_20cycles/RW2/wavelet_images/RW2_1000_1020_temp.png,1.2951602083333864
107,./../Preprocessing/subset_image_files_oct12_20cycles/RW2/wavelet_images/RW2_1020_1040_voltage.png,./../Preprocessing/subset_image_files_oct12_20cycles/RW2/wavelet_images/RW2_1020_1040_current.png,./../Preprocessing/subset_image_files_oct12_20cycles/RW2/wavelet_images/RW2_1020_1040_temp.png,1.2742274305554728
108,./../Preprocessing/subset_image_files_oct12_20cycles/RW2/wavelet_images/RW2_1040_1060_voltage.png,./../Preprocessing/subset_image_files_oct12_20cycles/RW2/wavelet_images/RW2_1040_1060_current.png,./../Preprocessing/subset_image_files_oct12_20cycles/RW2/wavelet_images/RW2_1040_1060_temp.png,1.2583796031026524
109,./../Preprocessing/subset_image_files_oct12_20cycles/RW2/wavelet_images/RW2_1060_1080_voltage.png,./../Preprocessing/subset_image_files_oct12_20cycles/RW2/wavelet_images/RW2_1060_1080_current.png,./../Preprocessing/subset_image_files_oct12_20cycles/RW2/wavelet_images/RW2_1060_1080_temp.png,1.250641108194424
110,./../Preprocessing/subset_image_files_oct12_20cycles/RW2/wavelet_images/RW2_1080_1100_voltage.png,./../Preprocessing/subset_image_files_oct12_20cycles/RW2/wavelet_images/RW2_1080_1100_current.png,./../Preprocessing/subset_image_files_oct12_20cycles/RW2/wavelet_images/RW2_1080_1100_temp.png,1.241201982127853
111,./../Preprocessing/subset_image_files_oct12_20cycles/RW2/wavelet_images/RW2_1100_1120_voltage.png,./../Preprocessing/subset_image_files_oct12_20cycles/RW2/wavelet_images/RW2_1100_1120_current.png,./../Preprocessing/subset_image_files_oct12_20cycles/RW2/wavelet_images/RW2_1100_1120_temp.png,1.212859327361167
112,./../Preprocessing/subset_image_files_oct12_20cycles/RW2/wavelet_images/RW2_1120_1140_voltage.png,./../Preprocessing/subset_image_files_oct12_20cycles/RW2/wavelet_images/RW2_1120_1140_current.png,./../Preprocessing/subset_image_files_oct12_20cycles/RW2/wavelet_images/RW2_1120_1140_temp.png,1.1795014506944492
113,./../Preprocessing/subset_image_files_oct12_20cycles/RW2/wavelet_images/RW2_1140_1160_voltage.png,./../Preprocessing/subset_image_files_oct12_20cycles/RW2/wavelet_images/RW2_1140_1160_current.png,./../Preprocessing/subset_image_files_oct12_20cycles/RW2/wavelet_images/RW2_1140_1160_temp.png,1.1534463868527758
114,./../Preprocessing/subset_image_files_oct12_20cycles/RW2/wavelet_images/RW2_1160_1180_voltage.png,./../Preprocessing/subset_image_files_oct12_20cycles/RW2/wavelet_images/RW2_1160_1180_current.png,./../Preprocessing/subset_image_files_oct12_20cycles/RW2/wavelet_images/RW2_1160_1180_temp.png,1.1390376388889514
115,./../Preprocessing/subset_image_files_oct12_20cycles/RW7/wavelet_images/RW7_0_20_voltage.png,./../Preprocessing/subset_image_files_oct12_20cycles/RW7/wavelet_images/RW7_0_20_current.png,./../Preprocessing/subset_image_files_oct12_20cycles/RW7/wavelet_images/RW7_0_20_temp.png,1.987482222222231
116,./../Preprocessing/subset_image_files_oct12_20cycles/RW7/wavelet_images/RW7_20_40_voltage.png,./../Preprocessing/subset_image_files_oct12_20cycles/RW7/wavelet_images/RW7_20_40_current.png,./../Preprocessing/subset_image_files_oct12_20cycles/RW7/wavelet_images/RW7_20_40_temp.png,1.9662111944444511
117,./../Preprocessing/subset_image_files_oct12_20cycles/RW7/wavelet_images/RW7_40_60_voltage.png,./../Preprocessing/subset_image_files_oct12_20cycles/RW7/wavelet_images/RW7_40_60_current.png,./../Preprocessing/subset_image_files_oct12_20cycles/RW7/wavelet_images/RW7_40_60_temp.png,1.944816541666672
118,./../Preprocessing/subset_image_files_oct12_20cycles/RW7/wavelet_images/RW7_60_80_voltage.png,./../Preprocessing/subset_image_files_oct12_20cycles/RW7/wavelet_images/RW7_60_80_current.png,./../Preprocessing/subset_image_files_oct12_20cycles/RW7/wavelet_images/RW7_60_80_temp.png,1.9199177222222317
119,./../Preprocessing/subset_image_files_oct12_20cycles/RW7/wavelet_images/RW7_80_100_voltage.png,./../Preprocessing/subset_image_files_oct12_20cycles/RW7/wavelet_images/RW7_80_100_current.png,./../Preprocessing/subset_image_files_oct12_20cycles/RW7/wavelet_images/RW7_80_100_temp.png,1.894493277777792
120,./../Preprocessing/subset_image_files_oct12_20cycles/RW7/wavelet_images/RW7_100_120_voltage.png,./../Preprocessing/subset_image_files_oct12_20cycles/RW7/wavelet_images/RW7_100_120_current.png,./../Preprocessing/subset_image_files_oct12_20cycles/RW7/wavelet_images/RW7_100_120_temp.png,1.8707142244583508
121,./../Preprocessing/subset_image_files_oct12_20cycles/RW7/wavelet_images/RW7_120_140_voltage.png,./../Preprocessing/subset_image_files_oct12_20cycles/RW7/wavelet_images/RW7_120_140_current.png,./../Preprocessing/subset_image_files_oct12_20cycles/RW7/wavelet_images/RW7_120_140_temp.png,1.8484238583472419
122,./../Preprocessing/subset_image_files_oct12_20cycles/RW7/wavelet_images/RW7_140_160_voltage.png,./../Preprocessing/subset_image_files_oct12_20cycles/RW7/wavelet_images/RW7_140_160_current.png,./../Preprocessing/subset_image_files_oct12_20cycles/RW7/wavelet_images/RW7_140_160_temp.png,1.8263024331389075
123,./../Preprocessing/subset_image_files_oct12_20cycles/RW7/wavelet_images/RW7_160_180_voltage.png,./../Preprocessing/subset_image_files_oct12_20cycles/RW7/wavelet_images/RW7_160_180_current.png,./../Preprocessing/subset_image_files_oct12_20cycles/RW7/wavelet_images/RW7_160_180_temp.png,1.8051025037638813
124,./../Preprocessing/subset_image_files_oct12_20cycles/RW7/wavelet_images/RW7_180_200_voltage.png,./../Preprocessing/subset_image_files_oct12_20cycles/RW7/wavelet_images/RW7_180_200_current.png,./../Preprocessing/subset_image_files_oct12_20cycles/RW7/wavelet_images/RW7_180_200_temp.png,1.7840407987638518
125,./../Preprocessing/subset_image_files_oct12_20cycles/RW7/wavelet_images/RW7_200_220_voltage.png,./../Preprocessing/subset_image_files_oct12_20cycles/RW7/wavelet_images/RW7_200_220_current.png,./../Preprocessing/subset_image_files_oct12_20cycles/RW7/wavelet_images/RW7_200_220_temp.png,1.7621089928888491
126,./../Preprocessing/subset_image_files_oct12_20cycles/RW7/wavelet_images/RW7_220_240_voltage.png,./../Preprocessing/subset_image_files_oct12_20cycles/RW7/wavelet_images/RW7_220_240_current.png,./../Preprocessing/subset_image_files_oct12_20cycles/RW7/wavelet_images/RW7_220_240_temp.png,1.7393899528888703
127,./../Preprocessing/subset_image_files_oct12_20cycles/RW7/wavelet_images/RW7_240_260_voltage.png,./../Preprocessing/subset_image_files_oct12_20cycles/RW7/wavelet_images/RW7_240_260_current.png,./../Preprocessing/subset_image_files_oct12_20cycles/RW7/wavelet_images/RW7_240_260_temp.png,1.7141348989444445
128,./../Preprocessing/subset_image_files_oct12_20cycles/RW7/wavelet_images/RW7_260_280_voltage.png,./../Preprocessing/subset_image_files_oct12_20cycles/RW7/wavelet_images/RW7_260_280_current.png,./../Preprocessing/subset_image_files_oct12_20cycles/RW7/wavelet_images/RW7_260_280_temp.png,1.6750470416666718
129,./../Preprocessing/subset_image_files_oct12_20cycles/RW7/wavelet_images/RW7_280_300_voltage.png,./../Preprocessing/subset_image_files_oct12_20cycles/RW7/wavelet_images/RW7_280_300_current.png,./../Preprocessing/subset_image_files_oct12_20cycles/RW7/wavelet_images/RW7_280_300_temp.png,1.6338842638888973
130,./../Preprocessing/subset_image_files_oct12_20cycles/RW7/wavelet_images/RW7_300_320_voltage.png,./../Preprocessing/subset_image_files_oct12_20cycles/RW7/wavelet_images/RW7_300_320_current.png,./../Preprocessing/subset_image_files_oct12_20cycles/RW7/wavelet_images/RW7_300_320_temp.png,1.6220700104444463
131,./../Preprocessing/subset_image_files_oct12_20cycles/RW7/wavelet_images/RW7_320_340_voltage.png,./../Preprocessing/subset_image_files_oct12_20cycles/RW7/wavelet_images/RW7_320_340_current.png,./../Preprocessing/subset_image_files_oct12_20cycles/RW7/wavelet_images/RW7_320_340_temp.png,1.6368091837777643
132,./../Preprocessing/subset_image_files_oct12_20cycles/RW7/wavelet_images/RW7_340_360_voltage.png,./../Preprocessing/subset_image_files_oct12_20cycles/RW7/wavelet_images/RW7_340_360_current.png,./../Preprocessing/subset_image_files_oct12_20cycles/RW7/wavelet_images/RW7_340_360_temp.png,1.6484480006180284
133,./../Preprocessing/subset_image_files_oct12_20cycles/RW7/wavelet_images/RW7_360_380_voltage.png,./../Preprocessing/subset_image_files_oct12_20cycles/RW7/wavelet_images/RW7_360_380_current.png,./../Preprocessing/subset_image_files_oct12_20cycles/RW7/wavelet_images/RW7_360_380_temp.png,1.6431757820416348
134,./../Preprocessing/subset_image_files_oct12_20cycles/RW7/wavelet_images/RW7_380_400_voltage.png,./../Preprocessing/subset_image_files_oct12_20cycles/RW7/wavelet_images/RW7_380_400_current.png,./../Preprocessing/subset_image_files_oct12_20cycles/RW7/wavelet_images/RW7_380_400_temp.png,1.6353669081527418
135,./../Preprocessing/subset_image_files_oct12_20cycles/RW7/wavelet_images/RW7_400_420_voltage.png,./../Preprocessing/subset_image_files_oct12_20cycles/RW7/wavelet_images/RW7_400_420_current.png,./../Preprocessing/subset_image_files_oct12_20cycles/RW7/wavelet_images/RW7_400_420_temp.png,1.6260817155972216
136,./../Preprocessing/subset_image_files_oct12_20cycles/RW7/wavelet_images/RW7_420_440_voltage.png,./../Preprocessing/subset_image_files_oct12_20cycles/RW7/wavelet_images/RW7_420_440_current.png,./../Preprocessing/subset_image_files_oct12_20cycles/RW7/wavelet_images/RW7_420_440_temp.png,1.6154608061528477
137,./../Preprocessing/subset_image_files_oct12_20cycles/RW7/wavelet_images/RW7_440_460_voltage.png,./../Preprocessing/subset_image_files_oct12_20cycles/RW7/wavelet_images/RW7_440_460_current.png,./../Preprocessing/subset_image_files_oct12_20cycles/RW7/wavelet_images/RW7_440_460_temp.png,1.6047659320209589
138,./../Preprocessing/subset_image_files_oct12_20cycles/RW7/wavelet_images/RW7_460_480_voltage.png,./../Preprocessing/subset_image_files_oct12_20cycles/RW7/wavelet_images/RW7_460_480_current.png,./../Preprocessing/subset_image_files_oct12_20cycles/RW7/wavelet_images/RW7_460_480_temp.png,1.593667614138997
139,./../Preprocessing/subset_image_files_oct12_20cycles/RW7/wavelet_images/RW7_480_500_voltage.png,./../Preprocessing/subset_image_files_oct12_20cycles/RW7/wavelet_images/RW7_480_500_current.png,./../Preprocessing/subset_image_files_oct12_20cycles/RW7/wavelet_images/RW7_480_500_temp.png,1.5825087796945232
140,./../Preprocessing/subset_image_files_oct12_20cycles/RW7/wavelet_images/RW7_500_520_voltage.png,./../Preprocessing/subset_image_files_oct12_20cycles/RW7/wavelet_images/RW7_500_520_current.png,./../Preprocessing/subset_image_files_oct12_20cycles/RW7/wavelet_images/RW7_500_520_temp.png,1.5698143505834137
141,./../Preprocessing/subset_image_files_oct12_20cycles/RW7/wavelet_images/RW7_520_540_voltage.png,./../Preprocessing/subset_image_files_oct12_20cycles/RW7/wavelet_images/RW7_520_540_current.png,./../Preprocessing/subset_image_files_oct12_20cycles/RW7/wavelet_images/RW7_520_540_temp.png,1.5557305739167755
142,./../Preprocessing/subset_image_files_oct12_20cycles/RW7/wavelet_images/RW7_540_560_voltage.png,./../Preprocessing/subset_image_files_oct12_20cycles/RW7/wavelet_images/RW7_540_560_current.png,./../Preprocessing/subset_image_files_oct12_20cycles/RW7/wavelet_images/RW7_540_560_temp.png,1.5459616032535066
143,./../Preprocessing/subset_image_files_oct12_20cycles/RW7/wavelet_images/RW7_560_580_voltage.png,./../Preprocessing/subset_image_files_oct12_20cycles/RW7/wavelet_images/RW7_560_580_current.png,./../Preprocessing/subset_image_files_oct12_20cycles/RW7/wavelet_images/RW7_560_580_temp.png,1.55972793806316
144,./../Preprocessing/subset_image_files_oct12_20cycles/RW7/wavelet_images/RW7_580_600_voltage.png,./../Preprocessing/subset_image_files_oct12_20cycles/RW7/wavelet_images/RW7_580_600_current.png,./../Preprocessing/subset_image_files_oct12_20cycles/RW7/wavelet_images/RW7_580_600_temp.png,1.5668178760947398
145,./../Preprocessing/subset_image_files_oct12_20cycles/RW7/wavelet_images/RW7_600_620_voltage.png,./../Preprocessing/subset_image_files_oct12_20cycles/RW7/wavelet_images/RW7_600_620_current.png,./../Preprocessing/subset_image_files_oct12_20cycles/RW7/wavelet_images/RW7_600_620_temp.png,1.5416053144723003
146,./../Preprocessing/subset_image_files_oct12_20cycles/RW7/wavelet_images/RW7_620_640_voltage.png,./../Preprocessing/subset_image_files_oct12_20cycles/RW7/wavelet_images/RW7_620_640_current.png,./../Preprocessing/subset_image_files_oct12_20cycles/RW7/wavelet_images/RW7_620_640_temp.png,1.5142240732000902
147,./../Preprocessing/subset_image_files_oct12_20cycles/RW7/wavelet_images/RW7_640_660_voltage.png,./../Preprocessing/subset_image_files_oct12_20cycles/RW7/wavelet_images/RW7_640_660_current.png,./../Preprocessing/subset_image_files_oct12_20cycles/RW7/wavelet_images/RW7_640_660_temp.png,1.494871402777926
148,./../Preprocessing/subset_image_files_oct12_20cycles/RW7/wavelet_images/RW7_660_680_voltage.png,./../Preprocessing/subset_image_files_oct12_20cycles/RW7/wavelet_images/RW7_660_680_current.png,./../Preprocessing/subset_image_files_oct12_20cycles/RW7/wavelet_images/RW7_660_680_temp.png,1.4797508472224536
149,./../Preprocessing/subset_image_files_oct12_20cycles/RW7/wavelet_images/RW7_680_700_voltage.png,./../Preprocessing/subset_image_files_oct12_20cycles/RW7/wavelet_images/RW7_680_700_current.png,./../Preprocessing/subset_image_files_oct12_20cycles/RW7/wavelet_images/RW7_680_700_temp.png,1.4628977527780502
150,./../Preprocessing/subset_image_files_oct12_20cycles/RW7/wavelet_images/RW7_700_720_voltage.png,./../Preprocessing/subset_image_files_oct12_20cycles/RW7/wavelet_images/RW7_700_720_current.png,./../Preprocessing/subset_image_files_oct12_20cycles/RW7/wavelet_images/RW7_700_720_temp.png,1.4405614583335122
151,./../Preprocessing/subset_image_files_oct12_20cycles/RW7/wavelet_images/RW7_720_740_voltage.png,./../Preprocessing/subset_image_files_oct12_20cycles/RW7/wavelet_images/RW7_720_740_current.png,./../Preprocessing/subset_image_files_oct12_20cycles/RW7/wavelet_images/RW7_720_740_temp.png,1.4178380138889657
152,./../Preprocessing/subset_image_files_oct12_20cycles/RW7/wavelet_images/RW7_740_760_voltage.png,./../Preprocessing/subset_image_files_oct12_20cycles/RW7/wavelet_images/RW7_740_760_current.png,./../Preprocessing/subset_image_files_oct12_20cycles/RW7/wavelet_images/RW7_740_760_temp.png,1.3956592361111555
153,./../Preprocessing/subset_image_files_oct12_20cycles/RW7/wavelet_images/RW7_760_780_voltage.png,./../Preprocessing/subset_image_files_oct12_20cycles/RW7/wavelet_images/RW7_760_780_current.png,./../Preprocessing/subset_image_files_oct12_20cycles/RW7/wavelet_images/RW7_760_780_temp.png,1.3737675694444933
154,./../Preprocessing/subset_image_files_oct12_20cycles/RW7/wavelet_images/RW7_780_800_voltage.png,./../Preprocessing/subset_image_files_oct12_20cycles/RW7/wavelet_images/RW7_780_800_current.png,./../Preprocessing/subset_image_files_oct12_20cycles/RW7/wavelet_images/RW7_780_800_temp.png,1.3535045500000489
155,./../Preprocessing/subset_image_files_oct12_20cycles/RW7/wavelet_images/RW7_800_820_voltage.png,./../Preprocessing/subset_image_files_oct12_20cycles/RW7/wavelet_images/RW7_800_820_current.png,./../Preprocessing/subset_image_files_oct12_20cycles/RW7/wavelet_images/RW7_800_820_temp.png,1.33839593055559
156,./../Preprocessing/subset_image_files_oct12_20cycles/RW7/wavelet_images/RW7_820_840_voltage.png,./../Preprocessing/subset_image_files_oct12_20cycles/RW7/wavelet_images/RW7_820_840_current.png,./../Preprocessing/subset_image_files_oct12_20cycles/RW7/wavelet_images/RW7_820_840_temp.png,1.3234926277777979
157,./../Preprocessing/subset_image_files_oct12_20cycles/RW7/wavelet_images/RW7_840_860_voltage.png,./../Preprocessing/subset_image_files_oct12_20cycles/RW7/wavelet_images/RW7_840_860_current.png,./../Preprocessing/subset_image_files_oct12_20cycles/RW7/wavelet_images/RW7_840_860_temp.png,1.3012567500000265
158,./../Preprocessing/subset_image_files_oct12_20cycles/RW7/wavelet_images/RW7_860_880_voltage.png,./../Preprocessing/subset_image_files_oct12_20cycles/RW7/wavelet_images/RW7_860_880_current.png,./../Preprocessing/subset_image_files_oct12_20cycles/RW7/wavelet_images/RW7_860_880_temp.png,1.2751556388889318
159,./../Preprocessing/subset_image_files_oct12_20cycles/RW7/wavelet_images/RW7_880_900_voltage.png,./../Preprocessing/subset_image_files_oct12_20cycles/RW7/wavelet_images/RW7_880_900_current.png,./../Preprocessing/subset_image_files_oct12_20cycles/RW7/wavelet_images/RW7_880_900_temp.png,1.2512150194444862
160,./../Preprocessing/subset_image_files_oct12_20cycles/RW7/wavelet_images/RW7_900_920_voltage.png,./../Preprocessing/subset_image_files_oct12_20cycles/RW7/wavelet_images/RW7_900_920_current.png,./../Preprocessing/subset_image_files_oct12_20cycles/RW7/wavelet_images/RW7_900_920_temp.png,1.2341119999999826
161,./../Preprocessing/subset_image_files_oct12_20cycles/RW7/wavelet_images/RW7_920_940_voltage.png,./../Preprocessing/subset_image_files_oct12_20cycles/RW7/wavelet_images/RW7_920_940_current.png,./../Preprocessing/subset_image_files_oct12_20cycles/RW7/wavelet_images/RW7_920_940_temp.png,1.2178778028221438
162,./../Preprocessing/subset_image_files_oct12_20cycles/RW7/wavelet_images/RW7_940_960_voltage.png,./../Preprocessing/subset_image_files_oct12_20cycles/RW7/wavelet_images/RW7_940_960_current.png,./../Preprocessing/subset_image_files_oct12_20cycles/RW7/wavelet_images/RW7_940_960_temp.png,1.2175642381110792
163,./../Preprocessing/subset_image_files_oct12_20cycles/RW7/wavelet_images/RW7_960_980_voltage.png,./../Preprocessing/subset_image_files_oct12_20cycles/RW7/wavelet_images/RW7_960_980_current.png,./../Preprocessing/subset_image_files_oct12_20cycles/RW7/wavelet_images/RW7_960_980_temp.png,1.2256429447778483
164,./../Preprocessing/subset_image_files_oct12_20cycles/RW7/wavelet_images/RW7_980_1000_voltage.png,./../Preprocessing/subset_image_files_oct12_20cycles/RW7/wavelet_images/RW7_980_1000_current.png,./../Preprocessing/subset_image_files_oct12_20cycles/RW7/wavelet_images/RW7_980_1000_temp.png,1.2403508326505062
165,./../Preprocessing/subset_image_files_oct12_20cycles/RW7/wavelet_images/RW7_1000_1020_voltage.png,./../Preprocessing/subset_image_files_oct12_20cycles/RW7/wavelet_images/RW7_1000_1020_current.png,./../Preprocessing/subset_image_files_oct12_20cycles/RW7/wavelet_images/RW7_1000_1020_temp.png,1.2760389863176198
166,./../Preprocessing/subset_image_files_oct12_20cycles/RW7/wavelet_images/RW7_1020_1040_voltage.png,./../Preprocessing/subset_image_files_oct12_20cycles/RW7/wavelet_images/RW7_1020_1040_current.png,./../Preprocessing/subset_image_files_oct12_20cycles/RW7/wavelet_images/RW7_1020_1040_temp.png,1.2772926317292648
167,./../Preprocessing/subset_image_files_oct12_20cycles/RW7/wavelet_images/RW7_1040_1060_voltage.png,./../Preprocessing/subset_image_files_oct12_20cycles/RW7/wavelet_images/RW7_1040_1060_current.png,./../Preprocessing/subset_image_files_oct12_20cycles/RW7/wavelet_images/RW7_1040_1060_temp.png,1.21031984787496
168,./../Preprocessing/subset_image_files_oct12_20cycles/RW7/wavelet_images/RW7_1060_1080_voltage.png,./../Preprocessing/subset_image_files_oct12_20cycles/RW7/wavelet_images/RW7_1060_1080_current.png,./../Preprocessing/subset_image_files_oct12_20cycles/RW7/wavelet_images/RW7_1060_1080_temp.png,1.1439868756082627
169,./../Preprocessing/subset_image_files_oct12_20cycles/RW7/wavelet_images/RW7_1080_1100_voltage.png,./../Preprocessing/subset_image_files_oct12_20cycles/RW7/wavelet_images/RW7_1080_1100_current.png,./../Preprocessing/subset_image_files_oct12_20cycles/RW7/wavelet_images/RW7_1080_1100_temp.png,1.1081883865414863
170,./../Preprocessing/subset_image_files_oct12_20cycles/RW7/wavelet_images/RW7_1100_1120_voltage.png,./../Preprocessing/subset_image_files_oct12_20cycles/RW7/wavelet_images/RW7_1100_1120_current.png,./../Preprocessing/subset_image_files_oct12_20cycles/RW7/wavelet_images/RW7_1100_1120_temp.png,1.0820379459857965
171,./../Preprocessing/subset_image_files_oct12_20cycles/RW7/wavelet_images/RW7_1120_1140_voltage.png,./../Preprocessing/subset_image_files_oct12_20cycles/RW7/wavelet_images/RW7_1120_1140_current.png,./../Preprocessing/subset_image_files_oct12_20cycles/RW7/wavelet_images/RW7_1120_1140_temp.png,1.0614668272302004
172,./../Preprocessing/subset_image_files_oct12_20cycles/RW7/wavelet_images/RW7_1140_1160_voltage.png,./../Preprocessing/subset_image_files_oct12_20cycles/RW7/wavelet_images/RW7_1140_1160_current.png,./../Preprocessing/subset_image_files_oct12_20cycles/RW7/wavelet_images/RW7_1140_1160_temp.png,1.0514800101247823
173,./../Preprocessing/subset_image_files_oct12_20cycles/RW3/wavelet_images/RW3_0_20_voltage.png,./../Preprocessing/subset_image_files_oct12_20cycles/RW3/wavelet_images/RW3_0_20_current.png,./../Preprocessing/subset_image_files_oct12_20cycles/RW3/wavelet_images/RW3_0_20_temp.png,1.9925722621527773
174,./../Preprocessing/subset_image_files_oct12_20cycles/RW3/wavelet_images/RW3_20_40_voltage.png,./../Preprocessing/subset_image_files_oct12_20cycles/RW3/wavelet_images/RW3_20_40_current.png,./../Preprocessing/subset_image_files_oct12_20cycles/RW3/wavelet_images/RW3_20_40_temp.png,1.9589645728298533
175,./../Preprocessing/subset_image_files_oct12_20cycles/RW3/wavelet_images/RW3_40_60_voltage.png,./../Preprocessing/subset_image_files_oct12_20cycles/RW3/wavelet_images/RW3_40_60_current.png,./../Preprocessing/subset_image_files_oct12_20cycles/RW3/wavelet_images/RW3_40_60_temp.png,1.922349809027752
176,./../Preprocessing/subset_image_files_oct12_20cycles/RW3/wavelet_images/RW3_60_80_voltage.png,./../Preprocessing/subset_image_files_oct12_20cycles/RW3/wavelet_images/RW3_60_80_current.png,./../Preprocessing/subset_image_files_oct12_20cycles/RW3/wavelet_images/RW3_60_80_temp.png,1.8822727256943916
177,./../Preprocessing/subset_image_files_oct12_20cycles/RW3/wavelet_images/RW3_80_100_voltage.png,./../Preprocessing/subset_image_files_oct12_20cycles/RW3/wavelet_images/RW3_80_100_current.png,./../Preprocessing/subset_image_files_oct12_20cycles/RW3/wavelet_images/RW3_80_100_temp.png,1.8469592881943908
178,./../Preprocessing/subset_image_files_oct12_20cycles/RW3/wavelet_images/RW3_100_120_voltage.png,./../Preprocessing/subset_image_files_oct12_20cycles/RW3/wavelet_images/RW3_100_120_current.png,./../Preprocessing/subset_image_files_oct12_20cycles/RW3/wavelet_images/RW3_100_120_temp.png,1.815955815972194
179,./../Preprocessing/subset_image_files_oct12_20cycles/RW3/wavelet_images/RW3_120_140_voltage.png,./../Preprocessing/subset_image_files_oct12_20cycles/RW3/wavelet_images/RW3_120_140_current.png,./../Preprocessing/subset_image_files_oct12_20cycles/RW3/wavelet_images/RW3_120_140_temp.png,1.7888185647916266
180,./../Preprocessing/subset_image_files_oct12_20cycles/RW3/wavelet_images/RW3_140_160_voltage.png,./../Preprocessing/subset_image_files_oct12_20cycles/RW3/wavelet_images/RW3_140_160_current.png,./../Preprocessing/subset_image_files_oct12_20cycles/RW3/wavelet_images/RW3_140_160_temp.png,1.7651793231249162
181,./../Preprocessing/subset_image_files_oct12_20cycles/RW3/wavelet_images/RW3_160_180_voltage.png,./../Preprocessing/subset_image_files_oct12_20cycles/RW3/wavelet_images/RW3_160_180_current.png,./../Preprocessing/subset_image_files_oct12_20cycles/RW3/wavelet_images/RW3_160_180_temp.png,1.740832981562382
182,./../Preprocessing/subset_image_files_oct12_20cycles/RW3/wavelet_images/RW3_180_200_voltage.png,./../Preprocessing/subset_image_files_oct12_20cycles/RW3/wavelet_images/RW3_180_200_current.png,./../Preprocessing/subset_image_files_oct12_20cycles/RW3/wavelet_images/RW3_180_200_temp.png,1.7158468829512448
183,./../Preprocessing/subset_image_files_oct12_20cycles/RW3/wavelet_images/RW3_200_220_voltage.png,./../Preprocessing/subset_image_files_oct12_20cycles/RW3/wavelet_images/RW3_200_220_current.png,./../Preprocessing/subset_image_files_oct12_20cycles/RW3/wavelet_images/RW3_200_220_temp.png,1.6961131439235069
184,./../Preprocessing/subset_image_files_oct12_20cycles/RW3/wavelet_images/RW3_220_240_voltage.png,./../Preprocessing/subset_image_files_oct12_20cycles/RW3/wavelet_images/RW3_220_240_current.png,./../Preprocessing/subset_image_files_oct12_20cycles/RW3/wavelet_images/RW3_220_240_temp.png,1.6811315397569402
185,./../Preprocessing/subset_image_files_oct12_20cycles/RW3/wavelet_images/RW3_240_260_voltage.png,./../Preprocessing/subset_image_files_oct12_20cycles/RW3/wavelet_images/RW3_240_260_current.png,./../Preprocessing/subset_image_files_oct12_20cycles/RW3/wavelet_images/RW3_240_260_temp.png,1.6649582986112132
186,./../Preprocessing/subset_image_files_oct12_20cycles/RW3/wavelet_images/RW3_260_280_voltage.png,./../Preprocessing/subset_image_files_oct12_20cycles/RW3/wavelet_images/RW3_260_280_current.png,./../Preprocessing/subset_image_files_oct12_20cycles/RW3/wavelet_images/RW3_260_280_temp.png,1.6477069097224362
187,./../Preprocessing/subset_image_files_oct12_20cycles/RW3/wavelet_images/RW3_280_300_voltage.png,./../Preprocessing/subset_image_files_oct12_20cycles/RW3/wavelet_images/RW3_280_300_current.png,./../Preprocessing/subset_image_files_oct12_20cycles/RW3/wavelet_images/RW3_280_300_temp.png,1.626105270208587
188,./../Preprocessing/subset_image_files_oct12_20cycles/RW3/wavelet_images/RW3_300_320_voltage.png,./../Preprocessing/subset_image_files_oct12_20cycles/RW3/wavelet_images/RW3_300_320_current.png,./../Preprocessing/subset_image_files_oct12_20cycles/RW3/wavelet_images/RW3_300_320_temp.png,1.6005676896530059
189,./../Preprocessing/subset_image_files_oct12_20cycles/RW3/wavelet_images/RW3_320_340_voltage.png,./../Preprocessing/subset_image_files_oct12_20cycles/RW3/wavelet_images/RW3_320_340_current.png,./../Preprocessing/subset_image_files_oct12_20cycles/RW3/wavelet_images/RW3_320_340_temp.png,1.6077629839647742
190,./../Preprocessing/subset_image_files_oct12_20cycles/RW3/wavelet_images/RW3_340_360_voltage.png,./../Preprocessing/subset_image_files_oct12_20cycles/RW3/wavelet_images/RW3_340_360_current.png,./../Preprocessing/subset_image_files_oct12_20cycles/RW3/wavelet_images/RW3_340_360_temp.png,1.6132039466134838
191,./../Preprocessing/subset_image_files_oct12_20cycles/RW3/wavelet_images/RW3_360_380_voltage.png,./../Preprocessing/subset_image_files_oct12_20cycles/RW3/wavelet_images/RW3_360_380_current.png,./../Preprocessing/subset_image_files_oct12_20cycles/RW3/wavelet_images/RW3_360_380_temp.png,1.5768185227603593
192,./../Preprocessing/subset_image_files_oct12_20cycles/RW3/wavelet_images/RW3_380_400_voltage.png,./../Preprocessing/subset_image_files_oct12_20cycles/RW3/wavelet_images/RW3_380_400_current.png,./../Preprocessing/subset_image_files_oct12_20cycles/RW3/wavelet_images/RW3_380_400_temp.png,1.5484865518124198
193,./../Preprocessing/subset_image_files_oct12_20cycles/RW3/wavelet_images/RW3_400_420_voltage.png,./../Preprocessing/subset_image_files_oct12_20cycles/RW3/wavelet_images/RW3_400_420_current.png,./../Preprocessing/subset_image_files_oct12_20cycles/RW3/wavelet_images/RW3_400_420_temp.png,1.531137116822867
194,./../Preprocessing/subset_image_files_oct12_20cycles/RW3/wavelet_images/RW3_420_440_voltage.png,./../Preprocessing/subset_image_files_oct12_20cycles/RW3/wavelet_images/RW3_420_440_current.png,./../Preprocessing/subset_image_files_oct12_20cycles/RW3/wavelet_images/RW3_420_440_temp.png,1.5136297670538217
195,./../Preprocessing/subset_image_files_oct12_20cycles/RW3/wavelet_images/RW3_440_460_voltage.png,./../Preprocessing/subset_image_files_oct12_20cycles/RW3/wavelet_images/RW3_440_460_current.png,./../Preprocessing/subset_image_files_oct12_20cycles/RW3/wavelet_images/RW3_440_460_temp.png,1.4958476388889723
196,./../Preprocessing/subset_image_files_oct12_20cycles/RW3/wavelet_images/RW3_460_480_voltage.png,./../Preprocessing/subset_image_files_oct12_20cycles/RW3/wavelet_images/RW3_460_480_current.png,./../Preprocessing/subset_image_files_oct12_20cycles/RW3/wavelet_images/RW3_460_480_temp.png,1.4764427743056705
197,./../Preprocessing/subset_image_files_oct12_20cycles/RW3/wavelet_images/RW3_480_500_voltage.png,./../Preprocessing/subset_image_files_oct12_20cycles/RW3/wavelet_images/RW3_480_500_current.png,./../Preprocessing/subset_image_files_oct12_20cycles/RW3/wavelet_images/RW3_480_500_temp.png,1.4548758680556353
198,./../Preprocessing/subset_image_files_oct12_20cycles/RW3/wavelet_images/RW3_500_520_voltage.png,./../Preprocessing/subset_image_files_oct12_20cycles/RW3/wavelet_images/RW3_500_520_current.png,./../Preprocessing/subset_image_files_oct12_20cycles/RW3/wavelet_images/RW3_500_520_temp.png,1.4278108541667975
199,./../Preprocessing/subset_image_files_oct12_20cycles/RW3/wavelet_images/RW3_520_540_voltage.png,./../Preprocessing/subset_image_files_oct12_20cycles/RW3/wavelet_images/RW3_520_540_current.png,./../Preprocessing/subset_image_files_oct12_20cycles/RW3/wavelet_images/RW3_520_540_temp.png,1.3934276736114086
200,./../Preprocessing/subset_image_files_oct12_20cycles/RW3/wavelet_images/RW3_540_560_voltage.png,./../Preprocessing/subset_image_files_oct12_20cycles/RW3/wavelet_images/RW3_540_560_current.png,./../Preprocessing/subset_image_files_oct12_20cycles/RW3/wavelet_images/RW3_540_560_temp.png,1.3639191458336022
201,./../Preprocessing/subset_image_files_oct12_20cycles/RW3/wavelet_images/RW3_560_580_voltage.png,./../Preprocessing/subset_image_files_oct12_20cycles/RW3/wavelet_images/RW3_560_580_current.png,./../Preprocessing/subset_image_files_oct12_20cycles/RW3/wavelet_images/RW3_560_580_temp.png,1.340952951388868
202,./../Preprocessing/subset_image_files_oct12_20cycles/RW3/wavelet_images/RW3_580_600_voltage.png,./../Preprocessing/subset_image_files_oct12_20cycles/RW3/wavelet_images/RW3_580_600_current.png,./../Preprocessing/subset_image_files_oct12_20cycles/RW3/wavelet_images/RW3_580_600_temp.png,1.3293070920137706
203,./../Preprocessing/subset_image_files_oct12_20cycles/RW3/wavelet_images/RW3_600_620_voltage.png,./../Preprocessing/subset_image_files_oct12_20cycles/RW3/wavelet_images/RW3_600_620_current.png,./../Preprocessing/subset_image_files_oct12_20cycles/RW3/wavelet_images/RW3_600_620_temp.png,1.3327167534722644
204,./../Preprocessing/subset_image_files_oct12_20cycles/RW3/wavelet_images/RW3_620_640_voltage.png,./../Preprocessing/subset_image_files_oct12_20cycles/RW3/wavelet_images/RW3_620_640_current.png,./../Preprocessing/subset_image_files_oct12_20cycles/RW3/wavelet_images/RW3_620_640_temp.png,1.3256569479167286
205,./../Preprocessing/subset_image_files_oct12_20cycles/RW3/wavelet_images/RW3_640_660_voltage.png,./../Preprocessing/subset_image_files_oct12_20cycles/RW3/wavelet_images/RW3_640_660_current.png,./../Preprocessing/subset_image_files_oct12_20cycles/RW3/wavelet_images/RW3_640_660_temp.png,1.3045498090276717
206,./../Preprocessing/subset_image_files_oct12_20cycles/RW3/wavelet_images/RW3_660_680_voltage.png,./../Preprocessing/subset_image_files_oct12_20cycles/RW3/wavelet_images/RW3_660_680_current.png,./../Preprocessing/subset_image_files_oct12_20cycles/RW3/wavelet_images/RW3_660_680_temp.png,1.2766907582463491
207,./../Preprocessing/subset_image_files_oct12_20cycles/RW3/wavelet_images/RW3_680_700_voltage.png,./../Preprocessing/subset_image_files_oct12_20cycles/RW3/wavelet_images/RW3_680_700_current.png,./../Preprocessing/subset_image_files_oct12_20cycles/RW3/wavelet_images/RW3_680_700_temp.png,1.2410389915120177
208,./../Preprocessing/subset_image_files_oct12_20cycles/RW3/wavelet_images/RW3_700_720_voltage.png,./../Preprocessing/subset_image_files_oct12_20cycles/RW3/wavelet_images/RW3_700_720_current.png,./../Preprocessing/subset_image_files_oct12_20cycles/RW3/wavelet_images/RW3_700_720_temp.png,1.2208134957115542
209,./../Preprocessing/subset_image_files_oct12_20cycles/RW3/wavelet_images/RW3_720_740_voltage.png,./../Preprocessing/subset_image_files_oct12_20cycles/RW3/wavelet_images/RW3_720_740_current.png,./../Preprocessing/subset_image_files_oct12_20cycles/RW3/wavelet_images/RW3_720_740_temp.png,1.2034002424978687
210,./../Preprocessing/subset_image_files_oct12_20cycles/RW3/wavelet_images/RW3_740_760_voltage.png,./../Preprocessing/subset_image_files_oct12_20cycles/RW3/wavelet_images/RW3_740_760_current.png,./../Preprocessing/subset_image_files_oct12_20cycles/RW3/wavelet_images/RW3_740_760_temp.png,1.157538173784498
211,./../Preprocessing/subset_image_files_oct12_20cycles/RW3/wavelet_images/RW3_760_780_voltage.png,./../Preprocessing/subset_image_files_oct12_20cycles/RW3/wavelet_images/RW3_760_780_current.png,./../Preprocessing/subset_image_files_oct12_20cycles/RW3/wavelet_images/RW3_760_780_temp.png,1.104689713873295
212,./../Preprocessing/subset_image_files_oct12_20cycles/RW3/wavelet_images/RW3_780_800_voltage.png,./../Preprocessing/subset_image_files_oct12_20cycles/RW3/wavelet_images/RW3_780_800_current.png,./../Preprocessing/subset_image_files_oct12_20cycles/RW3/wavelet_images/RW3_780_800_temp.png,1.0793060894618811
213,./../Preprocessing/subset_image_files_oct12_20cycles/RW3/wavelet_images/RW3_800_820_voltage.png,./../Preprocessing/subset_image_files_oct12_20cycles/RW3/wavelet_images/RW3_800_820_current.png,./../Preprocessing/subset_image_files_oct12_20cycles/RW3/wavelet_images/RW3_800_820_temp.png,1.0634776288698462
214,./../Preprocessing/subset_image_files_oct12_20cycles/RW4/wavelet_images/RW4_0_20_voltage.png,./../Preprocessing/subset_image_files_oct12_20cycles/RW4/wavelet_images/RW4_0_20_current.png,./../Preprocessing/subset_image_files_oct12_20cycles/RW4/wavelet_images/RW4_0_20_temp.png,1.954116133333328
215,./../Preprocessing/subset_image_files_oct12_20cycles/RW4/wavelet_images/RW4_20_40_voltage.png,./../Preprocessing/subset_image_files_oct12_20cycles/RW4/wavelet_images/RW4_20_40_current.png,./../Preprocessing/subset_image_files_oct12_20cycles/RW4/wavelet_images/RW4_20_40_temp.png,1.904587609444424
216,./../Preprocessing/subset_image_files_oct12_20cycles/RW4/wavelet_images/RW4_40_60_voltage.png,./../Preprocessing/subset_image_files_oct12_20cycles/RW4/wavelet_images/RW4_40_60_current.png,./../Preprocessing/subset_image_files_oct12_20cycles/RW4/wavelet_images/RW4_40_60_temp.png,1.8624085308333356
217,./../Preprocessing/subset_image_files_oct12_20cycles/RW4/wavelet_images/RW4_60_80_voltage.png,./../Preprocessing/subset_image_files_oct12_20cycles/RW4/wavelet_images/RW4_60_80_current.png,./../Preprocessing/subset_image_files_oct12_20cycles/RW4/wavelet_images/RW4_60_80_temp.png,1.825785986388949
218,./../Preprocessing/subset_image_files_oct12_20cycles/RW4/wavelet_images/RW4_80_100_voltage.png,./../Preprocessing/subset_image_files_oct12_20cycles/RW4/wavelet_images/RW4_80_100_current.png,./../Preprocessing/subset_image_files_oct12_20cycles/RW4/wavelet_images/RW4_80_100_temp.png,1.7935501866320085
219,./../Preprocessing/subset_image_files_oct12_20cycles/RW4/wavelet_images/RW4_100_120_voltage.png,./../Preprocessing/subset_image_files_oct12_20cycles/RW4/wavelet_images/RW4_100_120_current.png,./../Preprocessing/subset_image_files_oct12_20cycles/RW4/wavelet_images/RW4_100_120_temp.png,1.7652833463541864
220,./../Preprocessing/subset_image_files_oct12_20cycles/RW4/wavelet_images/RW4_120_140_voltage.png,./../Preprocessing/subset_image_files_oct12_20cycles/RW4/wavelet_images/RW4_120_140_current.png,./../Preprocessing/subset_image_files_oct12_20cycles/RW4/wavelet_images/RW4_120_140_temp.png,1.7394860112847332
221,./../Preprocessing/subset_image_files_oct12_20cycles/RW4/wavelet_images/RW4_140_160_voltage.png,./../Preprocessing/subset_image_files_oct12_20cycles/RW4/wavelet_images/RW4_140_160_current.png,./../Preprocessing/subset_image_files_oct12_20cycles/RW4/wavelet_images/RW4_140_160_temp.png,1.7159229904514226
222,./../Preprocessing/subset_image_files_oct12_20cycles/RW4/wavelet_images/RW4_160_180_voltage.png,./../Preprocessing/subset_image_files_oct12_20cycles/RW4/wavelet_images/RW4_160_180_current.png,./../Preprocessing/subset_image_files_oct12_20cycles/RW4/wavelet_images/RW4_160_180_temp.png,1.6938462847222766
223,./../Preprocessing/subset_image_files_oct12_20cycles/RW4/wavelet_images/RW4_180_200_voltage.png,./../Preprocessing/subset_image_files_oct12_20cycles/RW4/wavelet_images/RW4_180_200_current.png,./../Preprocessing/subset_image_files_oct12_20cycles/RW4/wavelet_images/RW4_180_200_temp.png,1.6731143402778514
224,./../Preprocessing/subset_image_files_oct12_20cycles/RW4/wavelet_images/RW4_200_220_voltage.png,./../Preprocessing/subset_image_files_oct12_20cycles/RW4/wavelet_images/RW4_200_220_current.png,./../Preprocessing/subset_image_files_oct12_20cycles/RW4/wavelet_images/RW4_200_220_temp.png,1.6536281770833934
225,./../Preprocessing/subset_image_files_oct12_20cycles/RW4/wavelet_images/RW4_220_240_voltage.png,./../Preprocessing/subset_image_files_oct12_20cycles/RW4/wavelet_images/RW4_220_240_current.png,./../Preprocessing/subset_image_files_oct12_20cycles/RW4/wavelet_images/RW4_220_240_temp.png,1.635269149305572
226,./../Preprocessing/subset_image_files_oct12_20cycles/RW4/wavelet_images/RW4_240_260_voltage.png,./../Preprocessing/subset_image_files_oct12_20cycles/RW4/wavelet_images/RW4_240_260_current.png,./../Preprocessing/subset_image_files_oct12_20cycles/RW4/wavelet_images/RW4_240_260_temp.png,1.6165849055381944
227,./../Preprocessing/subset_image_files_oct12_20cycles/RW4/wavelet_images/RW4_260_280_voltage.png,./../Preprocessing/subset_image_files_oct12_20cycles/RW4/wavelet_images/RW4_260_280_current.png,./../Preprocessing/subset_image_files_oct12_20cycles/RW4/wavelet_images/RW4_260_280_temp.png,1.597606418732647
228,./../Preprocessing/subset_image_files_oct12_20cycles/RW4/wavelet_images/RW4_280_300_voltage.png,./../Preprocessing/subset_image_files_oct12_20cycles/RW4/wavelet_images/RW4_280_300_current.png,./../Preprocessing/subset_image_files_oct12_20cycles/RW4/wavelet_images/RW4_280_300_temp.png,1.5975616112847508
229,./../Preprocessing/subset_image_files_oct12_20cycles/RW4/wavelet_images/RW4_300_320_voltage.png,./../Preprocessing/subset_image_files_oct12_20cycles/RW4/wavelet_images/RW4_300_320_current.png,./../Preprocessing/subset_image_files_oct12_20cycles/RW4/wavelet_images/RW4_300_320_temp.png,1.613239453020893
230,./../Preprocessing/subset_image_files_oct12_20cycles/RW4/wavelet_images/RW4_320_340_voltage.png,./../Preprocessing/subset_image_files_oct12_20cycles/RW4/wavelet_images/RW4_320_340_current.png,./../Preprocessing/subset_image_files_oct12_20cycles/RW4/wavelet_images/RW4_320_340_temp.png,1.590906084132022
231,./../Preprocessing/subset_image_files_oct12_20cycles/RW4/wavelet_images/RW4_340_360_voltage.png,./../Preprocessing/subset_image_files_oct12_20cycles/RW4/wavelet_images/RW4_340_360_current.png,./../Preprocessing/subset_image_files_oct12_20cycles/RW4/wavelet_images/RW4_340_360_temp.png,1.5523279393924485
232,./../Preprocessing/subset_image_files_oct12_20cycles/RW4/wavelet_images/RW4_360_380_voltage.png,./../Preprocessing/subset_image_files_oct12_20cycles/RW4/wavelet_images/RW4_360_380_current.png,./../Preprocessing/subset_image_files_oct12_20cycles/RW4/wavelet_images/RW4_360_380_temp.png,1.531275374184075
233,./../Preprocessing/subset_image_files_oct12_20cycles/RW4/wavelet_images/RW4_380_400_voltage.png,./../Preprocessing/subset_image_files_oct12_20cycles/RW4/wavelet_images/RW4_380_400_current.png,./../Preprocessing/subset_image_files_oct12_20cycles/RW4/wavelet_images/RW4_380_400_temp.png,1.5177731480381806
234,./../Preprocessing/subset_image_files_oct12_20cycles/RW4/wavelet_images/RW4_400_420_voltage.png,./../Preprocessing/subset_image_files_oct12_20cycles/RW4/wavelet_images/RW4_400_420_current.png,./../Preprocessing/subset_image_files_oct12_20cycles/RW4/wavelet_images/RW4_400_420_temp.png,1.4978231222048242
235,./../Preprocessing/subset_image_files_oct12_20cycles/RW4/wavelet_images/RW4_420_440_voltage.png,./../Preprocessing/subset_image_files_oct12_20cycles/RW4/wavelet_images/RW4_420_440_current.png,./../Preprocessing/subset_image_files_oct12_20cycles/RW4/wavelet_images/RW4_420_440_temp.png,1.4747404771874542
236,./../Preprocessing/subset_image_files_oct12_20cycles/RW4/wavelet_images/RW4_440_460_voltage.png,./../Preprocessing/subset_image_files_oct12_20cycles/RW4/wavelet_images/RW4_440_460_current.png,./../Preprocessing/subset_image_files_oct12_20cycles/RW4/wavelet_images/RW4_440_460_temp.png,1.4444507104512674
237,./../Preprocessing/subset_image_files_oct12_20cycles/RW4/wavelet_images/RW4_460_480_voltage.png,./../Preprocessing/subset_image_files_oct12_20cycles/RW4/wavelet_images/RW4_460_480_current.png,./../Preprocessing/subset_image_files_oct12_20cycles/RW4/wavelet_images/RW4_460_480_temp.png,1.4111325323608894
238,./../Preprocessing/subset_image_files_oct12_20cycles/RW4/wavelet_images/RW4_480_500_voltage.png,./../Preprocessing/subset_image_files_oct12_20cycles/RW4/wavelet_images/RW4_480_500_current.png,./../Preprocessing/subset_image_files_oct12_20cycles/RW4/wavelet_images/RW4_480_500_temp.png,1.3825327083331589
239,./../Preprocessing/subset_image_files_oct12_20cycles/RW4/wavelet_images/RW4_500_520_voltage.png,./../Preprocessing/subset_image_files_oct12_20cycles/RW4/wavelet_images/RW4_500_520_current.png,./../Preprocessing/subset_image_files_oct12_20cycles/RW4/wavelet_images/RW4_500_520_temp.png,1.3563537475693774
240,./../Preprocessing/subset_image_files_oct12_20cycles/RW4/wavelet_images/RW4_520_540_voltage.png,./../Preprocessing/subset_image_files_oct12_20cycles/RW4/wavelet_images/RW4_520_540_current.png,./../Preprocessing/subset_image_files_oct12_20cycles/RW4/wavelet_images/RW4_520_540_temp.png,1.3389178461804867
241,./../Preprocessing/subset_image_files_oct12_20cycles/RW4/wavelet_images/RW4_540_560_voltage.png,./../Preprocessing/subset_image_files_oct12_20cycles/RW4/wavelet_images/RW4_540_560_current.png,./../Preprocessing/subset_image_files_oct12_20cycles/RW4/wavelet_images/RW4_540_560_temp.png,1.3251542112672456
242,./../Preprocessing/subset_image_files_oct12_20cycles/RW4/wavelet_images/RW4_560_580_voltage.png,./../Preprocessing/subset_image_files_oct12_20cycles/RW4/wavelet_images/RW4_560_580_current.png,./../Preprocessing/subset_image_files_oct12_20cycles/RW4/wavelet_images/RW4_560_580_temp.png,1.3056250586978444
243,./../Preprocessing/subset_image_files_oct12_20cycles/RW4/wavelet_images/RW4_580_600_voltage.png,./../Preprocessing/subset_image_files_oct12_20cycles/RW4/wavelet_images/RW4_580_600_current.png,./../Preprocessing/subset_image_files_oct12_20cycles/RW4/wavelet_images/RW4_580_600_temp.png,1.2830486896759317
244,./../Preprocessing/subset_image_files_oct12_20cycles/RW4/wavelet_images/RW4_600_620_voltage.png,./../Preprocessing/subset_image_files_oct12_20cycles/RW4/wavelet_images/RW4_600_620_current.png,./../Preprocessing/subset_image_files_oct12_20cycles/RW4/wavelet_images/RW4_600_620_temp.png,1.2487993607510892
245,./../Preprocessing/subset_image_files_oct12_20cycles/RW4/wavelet_images/RW4_620_640_voltage.png,./../Preprocessing/subset_image_files_oct12_20cycles/RW4/wavelet_images/RW4_620_640_current.png,./../Preprocessing/subset_image_files_oct12_20cycles/RW4/wavelet_images/RW4_620_640_temp.png,1.2281477982289637
246,./../Preprocessing/subset_image_files_oct12_20cycles/RW4/wavelet_images/RW4_640_660_voltage.png,./../Preprocessing/subset_image_files_oct12_20cycles/RW4/wavelet_images/RW4_640_660_current.png,./../Preprocessing/subset_image_files_oct12_20cycles/RW4/wavelet_images/RW4_640_660_temp.png,1.2124737063677409
247,./../Preprocessing/subset_image_files_oct12_20cycles/RW4/wavelet_images/RW4_660_680_voltage.png,./../Preprocessing/subset_image_files_oct12_20cycles/RW4/wavelet_images/RW4_660_680_current.png,./../Preprocessing/subset_image_files_oct12_20cycles/RW4/wavelet_images/RW4_660_680_temp.png,1.1809306785067986
248,./../Preprocessing/subset_image_files_oct12_20cycles/RW4/wavelet_images/RW4_680_700_voltage.png,./../Preprocessing/subset_image_files_oct12_20cycles/RW4/wavelet_images/RW4_680_700_current.png,./../Preprocessing/subset_image_files_oct12_20cycles/RW4/wavelet_images/RW4_680_700_temp.png,1.1462927591424583
249,./../Preprocessing/subset_image_files_oct12_20cycles/RW4/wavelet_images/RW4_700_720_voltage.png,./../Preprocessing/subset_image_files_oct12_20cycles/RW4/wavelet_images/RW4_700_720_current.png,./../Preprocessing/subset_image_files_oct12_20cycles/RW4/wavelet_images/RW4_700_720_temp.png,1.137976002777934
250,./../Preprocessing/subset_image_files_oct12_20cycles/RW5/wavelet_images/RW5_0_20_voltage.png,./../Preprocessing/subset_image_files_oct12_20cycles/RW5/wavelet_images/RW5_0_20_current.png,./../Preprocessing/subset_image_files_oct12_20cycles/RW5/wavelet_images/RW5_0_20_temp.png,1.9498489583333325
251,./../Preprocessing/subset_image_files_oct12_20cycles/RW5/wavelet_images/RW5_20_40_voltage.png,./../Preprocessing/subset_image_files_oct12_20cycles/RW5/wavelet_images/RW5_20_40_current.png,./../Preprocessing/subset_image_files_oct12_20cycles/RW5/wavelet_images/RW5_20_40_temp.png,1.9090347395833325
252,./../Preprocessing/subset_image_files_oct12_20cycles/RW5/wavelet_images/RW5_40_60_voltage.png,./../Preprocessing/subset_image_files_oct12_20cycles/RW5/wavelet_images/RW5_40_60_current.png,./../Preprocessing/subset_image_files_oct12_20cycles/RW5/wavelet_images/RW5_40_60_temp.png,1.872513281249996
253,./../Preprocessing/subset_image_files_oct12_20cycles/RW5/wavelet_images/RW5_60_80_voltage.png,./../Preprocessing/subset_image_files_oct12_20cycles/RW5/wavelet_images/RW5_60_80_current.png,./../Preprocessing/subset_image_files_oct12_20cycles/RW5/wavelet_images/RW5_60_80_temp.png,1.8389750868055472
254,./../Preprocessing/subset_image_files_oct12_20cycles/RW5/wavelet_images/RW5_80_100_voltage.png,./../Preprocessing/subset_image_files_oct12_20cycles/RW5/wavelet_images/RW5_80_100_current.png,./../Preprocessing/subset_image_files_oct12_20cycles/RW5/wavelet_images/RW5_80_100_temp.png,1.810061996527768
255,./../Preprocessing/subset_image_files_oct12_20cycles/RW5/wavelet_images/RW5_100_120_voltage.png,./../Preprocessing/subset_image_files_oct12_20cycles/RW5/wavelet_images/RW5_100_120_current.png,./../Preprocessing/subset_image_files_oct12_20cycles/RW5/wavelet_images/RW5_100_120_temp.png,1.7853335243055457
256,./../Preprocessing/subset_image_files_oct12_20cycles/RW5/wavelet_images/RW5_120_140_voltage.png,./../Preprocessing/subset_image_files_oct12_20cycles/RW5/wavelet_images/RW5_120_140_current.png,./../Preprocessing/subset_image_files_oct12_20cycles/RW5/wavelet_images/RW5_120_140_temp.png,1.7605963020833344
257,./../Preprocessing/subset_image_files_oct12_20cycles/RW5/wavelet_images/RW5_140_160_voltage.png,./../Preprocessing/subset_image_files_oct12_20cycles/RW5/wavelet_images/RW5_140_160_current.png,./../Preprocessing/subset_image_files_oct12_20cycles/RW5/wavelet_images/RW5_140_160_temp.png,1.7358511631944658
258,./../Preprocessing/subset_image_files_oct12_20cycles/RW5/wavelet_images/RW5_160_180_voltage.png,./../Preprocessing/subset_image_files_oct12_20cycles/RW5/wavelet_images/RW5_160_180_current.png,./../Preprocessing/subset_image_files_oct12_20cycles/RW5/wavelet_images/RW5_160_180_temp.png,1.7112991142013896
259,./../Preprocessing/subset_image_files_oct12_20cycles/RW5/wavelet_images/RW5_180_200_voltage.png,./../Preprocessing/subset_image_files_oct12_20cycles/RW5/wavelet_images/RW5_180_200_current.png,./../Preprocessing/subset_image_files_oct12_20cycles/RW5/wavelet_images/RW5_180_200_temp.png,1.6869217655902204
260,./../Preprocessing/subset_image_files_oct12_20cycles/RW5/wavelet_images/RW5_200_220_voltage.png,./../Preprocessing/subset_image_files_oct12_20cycles/RW5/wavelet_images/RW5_200_220_current.png,./../Preprocessing/subset_image_files_oct12_20cycles/RW5/wavelet_images/RW5_200_220_temp.png,1.6695410496874417
261,./../Preprocessing/subset_image_files_oct12_20cycles/RW5/wavelet_images/RW5_220_240_voltage.png,./../Preprocessing/subset_image_files_oct12_20cycles/RW5/wavelet_images/RW5_220_240_current.png,./../Preprocessing/subset_image_files_oct12_20cycles/RW5/wavelet_images/RW5_220_240_temp.png,1.6584906205208252
262,./../Preprocessing/subset_image_files_oct12_20cycles/RW5/wavelet_images/RW5_240_260_voltage.png,./../Preprocessing/subset_image_files_oct12_20cycles/RW5/wavelet_images/RW5_240_260_current.png,./../Preprocessing/subset_image_files_oct12_20cycles/RW5/wavelet_images/RW5_240_260_temp.png,1.639874583333374
263,./../Preprocessing/subset_image_files_oct12_20cycles/RW5/wavelet_images/RW5_260_280_voltage.png,./../Preprocessing/subset_image_files_oct12_20cycles/RW5/wavelet_images/RW5_260_280_current.png,./../Preprocessing/subset_image_files_oct12_20cycles/RW5/wavelet_images/RW5_260_280_temp.png,1.6144134722223114
264,./../Preprocessing/subset_image_files_oct12_20cycles/RW5/wavelet_images/RW5_280_300_voltage.png,./../Preprocessing/subset_image_files_oct12_20cycles/RW5/wavelet_images/RW5_280_300_current.png,./../Preprocessing/subset_image_files_oct12_20cycles/RW5/wavelet_images/RW5_280_300_temp.png,1.594769482152815
265,./../Preprocessing/subset_image_files_oct12_20cycles/RW5/wavelet_images/RW5_300_320_voltage.png,./../Preprocessing/subset_image_files_oct12_20cycles/RW5/wavelet_images/RW5_300_320_current.png,./../Preprocessing/subset_image_files_oct12_20cycles/RW5/wavelet_images/RW5_300_320_temp.png,1.5803886015971176
266,./../Preprocessing/subset_image_files_oct12_20cycles/RW5/wavelet_images/RW5_320_340_voltage.png,./../Preprocessing/subset_image_files_oct12_20cycles/RW5/wavelet_images/RW5_320_340_current.png,./../Preprocessing/subset_image_files_oct12_20cycles/RW5/wavelet_images/RW5_320_340_temp.png,1.6063607498610826
267,./../Preprocessing/subset_image_files_oct12_20cycles/RW5/wavelet_images/RW5_340_360_voltage.png,./../Preprocessing/subset_image_files_oct12_20cycles/RW5/wavelet_images/RW5_340_360_current.png,./../Preprocessing/subset_image_files_oct12_20cycles/RW5/wavelet_images/RW5_340_360_temp.png,1.57184348958342
268,./../Preprocessing/subset_image_files_oct12_20cycles/RW5/wavelet_images/RW5_360_380_voltage.png,./../Preprocessing/subset_image_files_oct12_20cycles/RW5/wavelet_images/RW5_360_380_current.png,./../Preprocessing/subset_image_files_oct12_20cycles/RW5/wavelet_images/RW5_360_380_temp.png,1.5391407118056823
269,./../Preprocessing/subset_image_files_oct12_20cycles/RW5/wavelet_images/RW5_380_400_voltage.png,./../Preprocessing/subset_image_files_oct12_20cycles/RW5/wavelet_images/RW5_380_400_current.png,./../Preprocessing/subset_image_files_oct12_20cycles/RW5/wavelet_images/RW5_380_400_temp.png,1.5180613715278148
270,./../Preprocessing/subset_image_files_oct12_20cycles/RW5/wavelet_images/RW5_400_420_voltage.png,./../Preprocessing/subset_image_files_oct12_20cycles/RW5/wavelet_images/RW5_400_420_current.png,./../Preprocessing/subset_image_files_oct12_20cycles/RW5/wavelet_images/RW5_400_420_temp.png,1.4966545106527367
271,./../Preprocessing/subset_image_files_oct12_20cycles/RW5/wavelet_images/RW5_420_440_voltage.png,./../Preprocessing/subset_image_files_oct12_20cycles/RW5/wavelet_images/RW5_420_440_current.png,./../Preprocessing/subset_image_files_oct12_20cycles/RW5/wavelet_images/RW5_420_440_temp.png,1.4741135252256028
272,./../Preprocessing/subset_image_files_oct12_20cycles/RW5/wavelet_images/RW5_440_460_voltage.png,./../Preprocessing/subset_image_files_oct12_20cycles/RW5/wavelet_images/RW5_440_460_current.png,./../Preprocessing/subset_image_files_oct12_20cycles/RW5/wavelet_images/RW5_440_460_temp.png,1.448506706003345
273,./../Preprocessing/subset_image_files_oct12_20cycles/RW5/wavelet_images/RW5_460_480_voltage.png,./../Preprocessing/subset_image_files_oct12_20cycles/RW5/wavelet_images/RW5_460_480_current.png,./../Preprocessing/subset_image_files_oct12_20cycles/RW5/wavelet_images/RW5_460_480_temp.png,1.4171338546352803
274,./../Preprocessing/subset_image_files_oct12_20cycles/RW5/wavelet_images/RW5_480_500_voltage.png,./../Preprocessing/subset_image_files_oct12_20cycles/RW5/wavelet_images/RW5_480_500_current.png,./../Preprocessing/subset_image_files_oct12_20cycles/RW5/wavelet_images/RW5_480_500_temp.png,1.3885088819547478
275,./../Preprocessing/subset_image_files_oct12_20cycles/RW5/wavelet_images/RW5_500_520_voltage.png,./../Preprocessing/subset_image_files_oct12_20cycles/RW5/wavelet_images/RW5_500_520_current.png,./../Preprocessing/subset_image_files_oct12_20cycles/RW5/wavelet_images/RW5_500_520_temp.png,1.3653511805555243
276,./../Preprocessing/subset_image_files_oct12_20cycles/RW5/wavelet_images/RW5_520_540_voltage.png,./../Preprocessing/subset_image_files_oct12_20cycles/RW5/wavelet_images/RW5_520_540_current.png,./../Preprocessing/subset_image_files_oct12_20cycles/RW5/wavelet_images/RW5_520_540_temp.png,1.344617214263922
277,./../Preprocessing/subset_image_files_oct12_20cycles/RW5/wavelet_images/RW5_540_560_voltage.png,./../Preprocessing/subset_image_files_oct12_20cycles/RW5/wavelet_images/RW5_540_560_current.png,./../Preprocessing/subset_image_files_oct12_20cycles/RW5/wavelet_images/RW5_540_560_temp.png,1.3282400128993677
278,./../Preprocessing/subset_image_files_oct12_20cycles/RW5/wavelet_images/RW5_560_580_voltage.png,./../Preprocessing/subset_image_files_oct12_20cycles/RW5/wavelet_images/RW5_560_580_current.png,./../Preprocessing/subset_image_files_oct12_20cycles/RW5/wavelet_images/RW5_560_580_temp.png,1.3180117725660254
279,./../Preprocessing/subset_image_files_oct12_20cycles/RW5/wavelet_images/RW5_580_600_voltage.png,./../Preprocessing/subset_image_files_oct12_20cycles/RW5/wavelet_images/RW5_580_600_current.png,./../Preprocessing/subset_image_files_oct12_20cycles/RW5/wavelet_images/RW5_580_600_temp.png,1.3192562627951123
280,./../Preprocessing/subset_image_files_oct12_20cycles/RW5/wavelet_images/RW5_600_620_voltage.png,./../Preprocessing/subset_image_files_oct12_20cycles/RW5/wavelet_images/RW5_600_620_current.png,./../Preprocessing/subset_image_files_oct12_20cycles/RW5/wavelet_images/RW5_600_620_temp.png,1.3045515163549557
281,./../Preprocessing/subset_image_files_oct12_20cycles/RW5/wavelet_images/RW5_620_640_voltage.png,./../Preprocessing/subset_image_files_oct12_20cycles/RW5/wavelet_images/RW5_620_640_current.png,./../Preprocessing/subset_image_files_oct12_20cycles/RW5/wavelet_images/RW5_620_640_temp.png,1.260997335009606
282,./../Preprocessing/subset_image_files_oct12_20cycles/RW5/wavelet_images/RW5_640_660_voltage.png,./../Preprocessing/subset_image_files_oct12_20cycles/RW5/wavelet_images/RW5_640_660_current.png,./../Preprocessing/subset_image_files_oct12_20cycles/RW5/wavelet_images/RW5_640_660_temp.png,1.2368179687499867
283,./../Preprocessing/subset_image_files_oct12_20cycles/RW5/wavelet_images/RW5_660_680_voltage.png,./../Preprocessing/subset_image_files_oct12_20cycles/RW5/wavelet_images/RW5_660_680_current.png,./../Preprocessing/subset_image_files_oct12_20cycles/RW5/wavelet_images/RW5_660_680_temp.png,1.2159278229165862
284,./../Preprocessing/subset_image_files_oct12_20cycles/RW5/wavelet_images/RW5_680_700_voltage.png,./../Preprocessing/subset_image_files_oct12_20cycles/RW5/wavelet_images/RW5_680_700_current.png,./../Preprocessing/subset_image_files_oct12_20cycles/RW5/wavelet_images/RW5_680_700_temp.png,1.1736088541665777
285,./../Preprocessing/subset_image_files_oct12_20cycles/RW5/wavelet_images/RW5_700_720_voltage.png,./../Preprocessing/subset_image_files_oct12_20cycles/RW5/wavelet_images/RW5_700_720_current.png,./../Preprocessing/subset_image_files_oct12_20cycles/RW5/wavelet_images/RW5_700_720_temp.png,1.1331498055554825
286,./../Preprocessing/subset_image_files_oct12_20cycles/RW5/wavelet_images/RW5_720_740_voltage.png,./../Preprocessing/subset_image_files_oct12_20cycles/RW5/wavelet_images/RW5_720_740_current.png,./../Preprocessing/subset_image_files_oct12_20cycles/RW5/wavelet_images/RW5_720_740_temp.png,1.1324805555555035
